,duration,Text,InteractionType,ID,time,segment,InteractionType1
0,10,Nigeria in February of 2009,Highlight,,21.0,0,0
1,30,Armsdealing 48,Mouse_hover,Armsdealing 48,33.0,0,1
2,19,Armsdealing 85,Mouse_hover,Armsdealing 85,36.4,0,1
3,74,Armsdealing 28,Mouse_hover,Armsdealing 28,64.4,0,1
4,24,Armsdealing 54,Mouse_hover,Armsdealing 54,84.6,0,1
6,10,arms,Search,0,139.2,0,2
7,0, Searching  for documents about arms) (type 1)[bottom-up],Topic_change,bottom-up,139.2,0,3
8,15,Armsdealing 91,Mouse_hover,Armsdealing 91,140.7,0,1
9,13,Armsdealing 90,Mouse_hover,Armsdealing 90,142.2,0,1
10,6,Armsdealing 96,Mouse_hover,Armsdealing 96,144.2,0,1
11,16,Armsdealing 98,Mouse_hover,Armsdealing 98,147.7,0,1
13,7,Armsdealing 102,Mouse_hover,Armsdealing 102,151.9,0,1
14,20,Armsdealing 101,Mouse_hover,Armsdealing 101,152.6,0,1
15,19,Armsdealing 101,Draging,Armsdealing 101,154.7,0,4
16,39,Armsdealing 102,Draging,Armsdealing 102,157.4,0,4
17,43,Armsdealing 68,Draging,Armsdealing 68,162.8,0,4
18,6,Armsdealing 71,Mouse_hover,Armsdealing 71,168.2,0,1
19,29,Armsdealing 69,Draging,Armsdealing 69,171.3,0,4
20,27,Armsdealing 102,Draging,Armsdealing 102,176.0,0,4
21,28,Armsdealing 101,Draging,Armsdealing 101,179.4,0,4
22,6,Armsdealing 69,Mouse_hover,Armsdealing 69,182.6,0,1
23,15,Armsdealing 69,Draging,Armsdealing 69,183.3,0,4
24,21,Armsdealing 68,Draging,Armsdealing 68,185.9,0,4
25,6,Armsdealing 44,Mouse_hover,Armsdealing 44,190.4,0,1
26,6,Armsdealing 36,Mouse_hover,Armsdealing 36,191.5,0,1
27,60,Armsdealing 26,Draging,Armsdealing 26,193.8,0,4
28,87,Armsdealing 68,Mouse_hover,Armsdealing 68,199.9,0,1
30,21,Armsdealing 68,Mouse_hover,Armsdealing 68,216.5,0,1
31,13,Armsdealing 68,Mouse_hover,Armsdealing 68,218.9,0,1
32,66,Armsdealing 68,Mouse_hover,Armsdealing 68,220.5,0,1
34,685,Armsdealing 68,Doc_open,Armsdealing 68,227.2,0,5
35,11,Armsdealing 68,Draging,Armsdealing 68,229.6,0,4
36,308,Armsdealing 68,Reading,Armsdealing 68,236.5,0,6
38,225,Armsdealing 68,Reading,Armsdealing 68,267.8,0,6
42,10,Nigeria,Search,0,311.9,0,2
43,18,Armsdealing 72,Mouse_hover,Armsdealing 72,317.3,0,1
44,8,Armsdealing 24,Mouse_hover,Armsdealing 24,319.1,0,1
45,20,Armsdealing 24,Draging,Armsdealing 24,320.0,0,4
46,21,Armsdealing 72,Draging,Armsdealing 72,323.8,0,4
47,3257,Armsdealing 72,Doc_open,Armsdealing 72,326.9,0,5
48,162,Armsdealing 72,Reading,Armsdealing 72,327.0,1,6
50,0, Who is Minsky) (type 2)[top-down],Topic_change,top-down,328.2,1,3
52,30,Armsdealing 72,Reading,Armsdealing 72,343.8,1,6
53,5,Armsdealing 72,Reading,Armsdealing 72,347.1,1,6
54,9,Armsdealing 72,Reading,Armsdealing 72,347.9,1,6
55,9,Armsdealing 72,Reading,Armsdealing 72,349.2,1,6
56,5,Armsdealing 72,Reading,Armsdealing 72,350.1,1,6
57,45,Armsdealing 72,Reading,Armsdealing 72,350.9,1,6
58,5,Armsdealing 72,Reading,Armsdealing 72,357.4,1,6
59,110,Armsdealing 72,Reading,Armsdealing 72,358.0,1,6
61,104,Armsdealing 72,Reading,Armsdealing 72,383.8,1,6
62,12,Armsdealing 72,Draging,Armsdealing 72,386.4,1,4
63,5,Armsdealing 72,Reading,Armsdealing 72,397.0,1,6
64,25,Armsdealing 72,Reading,Armsdealing 72,397.7,1,6
65,10,Minsky,Search,0,405.6,1,2
66,23,Armsdealing 72,Reading,Armsdealing 72,405.8,1,6
67,13,Armsdealing 65,Draging,Armsdealing 65,409.1,1,4
68,2425,Armsdealing 65,Doc_open,Armsdealing 65,411.3,1,5
69,12,Armsdealing 65,Reading,Armsdealing 65,411.4,1,6
70,64,Armsdealing 65,Reading,Armsdealing 65,412.8,1,6
71,36,Armsdealing 72,Reading,Armsdealing 72,419.4,1,6
72,5,Armsdealing 72,Reading,Armsdealing 72,423.1,1,6
73,20,Armsdealing 65,Reading,Armsdealing 65,423.4,1,6
74,76,Armsdealing 65,Reading,Armsdealing 65,425.5,1,6
75,11,Armsdealing 65,Reading,Armsdealing 65,433.5,1,6
76,8,Armsdealing 65,Draging,Armsdealing 65,433.8,1,4
77,15,Armsdealing 65,Reading,Armsdealing 65,435.0,1,6
78,6,Armsdealing 65,Draging,Armsdealing 65,435.7,1,4
79,21,Armsdealing 72,Reading,Armsdealing 72,436.6,1,6
80,5,Armsdealing 65,Reading,Armsdealing 65,438.8,1,6
81,5,Armsdealing 65,Reading,Armsdealing 65,438.9,1,6
82,5,Armsdealing 72,Reading,Armsdealing 72,439.4,1,6
83,5,Armsdealing 65,Reading,Armsdealing 65,439.7,1,6
84,5,Armsdealing 72,Reading,Armsdealing 72,439.9,1,6
85,18,Armsdealing 65,Reading,Armsdealing 65,440.2,1,6
86,6,Armsdealing 72,Reading,Armsdealing 72,442.1,1,6
87,26,Armsdealing 94,Mouse_hover,Armsdealing 94,443.4,1,1
88,16,Armsdealing 93,Mouse_hover,Armsdealing 93,446.0,1,1
89,11,Armsdealing 37,Mouse_hover,Armsdealing 37,448.0,1,1
90,45,Armsdealing 39,Mouse_hover,Armsdealing 39,449.2,1,1
91,6,Armsdealing 101,Mouse_hover,Armsdealing 101,455.4,1,1
92,11,Armsdealing 72,Reading,Armsdealing 72,456.6,1,6
93,5,Armsdealing 65,Reading,Armsdealing 65,457.7,1,6
94,5,Armsdealing 72,Reading,Armsdealing 72,457.9,1,6
95,5,Armsdealing 65,Reading,Armsdealing 65,458.0,1,6
96,5,Armsdealing 65,Reading,Armsdealing 65,458.3,1,6
97,5,Armsdealing 72,Reading,Armsdealing 72,458.5,1,6
98,23,Armsdealing 69,Mouse_hover,Armsdealing 69,462.9,1,1
99,8,Armsdealing 69,Draging,Armsdealing 69,465.3,1,4
100,12170,Armsdealing 69,Doc_open,Armsdealing 69,467.1,1,5
101,38,Armsdealing 69,Reading,Armsdealing 69,467.2,2,6
102,15,Armsdealing 72,Reading,Armsdealing 72,471.0,2,6
103,108,Armsdealing 69,Reading,Armsdealing 69,472.7,2,6
105,5,Armsdealing 72,Reading,Armsdealing 72,483.6,2,6
106,5,Armsdealing 72,Reading,Armsdealing 72,485.2,2,6
107,31,Armsdealing 69,Reading,Armsdealing 69,485.3,2,6
108,367,Armsdealing 69,Reading,Armsdealing 69,488.7,2,6
110,5,Armsdealing 72,Reading,Armsdealing 72,525.4,2,6
111,5,Armsdealing 72,Reading,Armsdealing 72,535.8,2,6
112,8,Armsdealing 69,Reading,Armsdealing 69,536.1,2,6
113,18,Armsdealing 69,Reading,Armsdealing 69,537.1,2,6
114,5,Armsdealing 72,Reading,Armsdealing 72,539.1,2,6
115,5,Armsdealing 72,Reading,Armsdealing 72,543.3,2,6
116,13,Armsdealing 69,Reading,Armsdealing 69,543.4,2,6
117,5,Armsdealing 72,Reading,Armsdealing 72,544.7,2,6
118,5,Armsdealing 72,Reading,Armsdealing 72,547.2,2,6
119,62,Armsdealing 69,Reading,Armsdealing 69,547.6,2,6
120,7,Armsdealing 69,Draging,Armsdealing 69,551.9,2,4
121,9,Armsdealing 90,Mouse_hover,Armsdealing 90,554.2,2,1
122,35,Armsdealing 92,Mouse_hover,Armsdealing 92,555.2,2,1
123,10,Armsdealing 91,Mouse_hover,Armsdealing 91,558.7,2,1
124,5,Armsdealing 69,Reading,Armsdealing 69,559.7,2,6
125,25,Armsdealing 4,Mouse_hover,Armsdealing 4,562.1,2,1
126,6,Armsdealing 5,Mouse_hover,Armsdealing 5,564.6,2,1
127,8,Armsdealing 4,Mouse_hover,Armsdealing 4,565.2,2,1
129,62,Armsdealing 4,Doc_open,Armsdealing 4,566.1,2,5
130,36,Armsdealing 5,Mouse_hover,Armsdealing 5,574.3,2,1
131,93,Armsdealing 4,Mouse_hover,Armsdealing 4,577.9,2,1
133,11,Armsdealing 5,Mouse_hover,Armsdealing 5,589.7,2,1
134,40,Armsdealing 5,Mouse_hover,Armsdealing 5,591.3,2,1
135,11,Armsdealing 6,Mouse_hover,Armsdealing 6,595.3,2,1
136,10,Armsdealing 7,Mouse_hover,Armsdealing 7,596.4,2,1
137,62,Armsdealing 6,Doc_open,Armsdealing 6,598.0,2,5
140,37,Armsdealing 69,Reading,Armsdealing 69,607.6,2,6
141,17,Armsdealing 69,Reading,Armsdealing 69,612.6,2,6
142,5,Armsdealing 69,Reading,Armsdealing 69,614.5,2,6
143,52,Armsdealing 69,Reading,Armsdealing 69,615.0,2,6
144,43,Armsdealing 69,Reading,Armsdealing 69,621.5,2,6
145,6,Armsdealing 72,Reading,Armsdealing 72,625.9,2,6
146,78,Armsdealing 69,Reading,Armsdealing 69,626.8,2,6
147,10, Leonid Minsky,Highlight,Armsdealing 69,636.4,2,0
148,81,Armsdealing 69,Reading,Armsdealing 69,636.5,2,6
149,10,gun shipments to Yemen,Highlight,Armsdealing 69,646.2,2,0
150,5,Armsdealing 69,Reading,Armsdealing 69,646.3,2,6
151,5,Armsdealing 72,Reading,Armsdealing 72,646.5,2,6
152,5,Armsdealing 72,Reading,Armsdealing 72,651.1,2,6
153,5,Armsdealing 65,Reading,Armsdealing 65,651.3,2,6
154,5,Armsdealing 65,Reading,Armsdealing 65,652.8,2,6
155,6,Armsdealing 72,Mouse_hover,Armsdealing 72,654.2,2,1
156,20,Armsdealing 72,Draging,Armsdealing 72,654.9,2,4
157,11,Armsdealing 69,Reading,Armsdealing 69,659.6,2,6
158,6,Armsdealing 39,Mouse_hover,Armsdealing 39,661.0,2,1
159,8,Armsdealing 35,Mouse_hover,Armsdealing 35,661.7,2,1
160,48,Armsdealing 56,Mouse_hover,Armsdealing 56,662.6,2,1
161,10,Nigeria,Highlight,Armsdealing 69,674.5,2,0
162,0, Finding information about Nigeria) (type 3)[top-down],Topic_change,top-down,680.2,2,3
163,10,Nigeria,Search,0,690.1,2,2
164,5,Armsdealing 69,Reading,Armsdealing 69,693.1,2,6
165,6,Armsdealing 81,Mouse_hover,Armsdealing 81,698.2,2,1
166,12,Armsdealing 79,Mouse_hover,Armsdealing 79,699.0,2,1
168,5,Armsdealing 69,Reading,Armsdealing 69,703.5,2,6
169,6,Armsdealing 79,Mouse_hover,Armsdealing 79,704.6,2,1
170,20,Armsdealing 81,Mouse_hover,Armsdealing 81,705.7,2,1
171,50,Armsdealing 80,Mouse_hover,Armsdealing 80,707.7,2,1
172,18,Armsdealing 79,Mouse_hover,Armsdealing 79,715.3,2,1
173,42,Armsdealing 79,Doc_open,Armsdealing 79,717.2,2,5
174,18,Armsdealing 79,Mouse_hover,Armsdealing 79,722.7,3,1
176,11,Armsdealing 85,Mouse_hover,Armsdealing 85,724.9,3,1
177,55,Armsdealing 84,Mouse_hover,Armsdealing 84,726.0,3,1
178,9,Armsdealing 85,Mouse_hover,Armsdealing 85,732.3,3,1
179,11,Armsdealing 84,Mouse_hover,Armsdealing 84,733.2,3,1
180,1142,Armsdealing 84,Doc_open,Armsdealing 84,734.4,3,5
181,32,Armsdealing 84,Reading,Armsdealing 84,734.5,4,6
182,394,Armsdealing 84,Reading,Armsdealing 84,739.6,4,6
184,10, THE ENTIRE FUNDS TRANSFER WOULD STILL BE IN ITS FETUS STAGE.,Highlight,Armsdealing 84,780.4,4,0
185,187,Armsdealing 84,Reading,Armsdealing 84,780.6,4,6
187,122,Armsdealing 84,Reading,Armsdealing 84,799.4,4,6
190,11,Armsdealing 85,Mouse_hover,Armsdealing 85,849.5,4,1
191,6,Armsdealing 84,Mouse_hover,Armsdealing 84,850.6,4,1
193,1500,Armsdealing 85,Doc_open,Armsdealing 85,852.5,4,5
194,415,Armsdealing 85,Reading,Armsdealing 85,852.6,4,6
196,367,Armsdealing 85,Reading,Armsdealing 85,894.5,4,6
198,5,Armsdealing 69,Reading,Armsdealing 69,931.2,4,6
199,27,Armsdealing 69,Reading,Armsdealing 69,953.9,4,6
200,10,Note,Create Note,0,960.9,4,7
202,10,Oil from Nigeria - Arms?,Add note,0,963.2,4,8
203,5,Armsdealing 69,Reading,Armsdealing 69,964.1,4,6
204,8,Armsdealing 85,Reading,Armsdealing 85,964.2,4,6
205,5,Armsdealing 69,Reading,Armsdealing 69,965.1,4,6
206,22,Armsdealing 85,Reading,Armsdealing 85,998.7,4,6
207,16,Armsdealing 85,Draging,Armsdealing 85,999.5,4,4
208,19,Armsdealing 85,Draging,Armsdealing 85,1003.6,4,4
209,5,Armsdealing 69,Reading,Armsdealing 69,1006.2,4,6
210,9,Armsdealing 69,Reading,Armsdealing 69,1006.9,4,6
211,6,Armsdealing 79,Mouse_hover,Armsdealing 79,1008.7,4,1
212,61,Armsdealing 81,Mouse_hover,Armsdealing 81,1009.4,4,1
213,9,Armsdealing 82,Mouse_hover,Armsdealing 82,1015.5,4,1
214,7,Armsdealing 81,Mouse_hover,Armsdealing 81,1018.2,4,1
215,345,Armsdealing 81,Doc_open,Armsdealing 81,1019.0,4,5
216,5,Armsdealing 81,Reading,Armsdealing 81,1019.1,4,6
218,100,Armsdealing 81,Draging,Armsdealing 81,1054.3,4,4
219,5,Armsdealing 69,Reading,Armsdealing 69,1064.9,4,6
220,12,Armsdealing 81,Draging,Armsdealing 81,1069.0,4,4
221,8,Armsdealing 85,Draging,Armsdealing 85,1071.4,4,4
222,15,Armsdealing 81,Draging,Armsdealing 81,1073.0,4,4
223,6,Armsdealing 85,Mouse_hover,Armsdealing 85,1084.9,4,1
224,63,Armsdealing 85,Draging,Armsdealing 85,1086.4,4,4
225,5,Armsdealing 69,Reading,Armsdealing 69,1093.1,4,6
226,5,Armsdealing 69,Reading,Armsdealing 69,1093.9,4,6
228,110,Armsdealing 81,Mouse_hover,Armsdealing 81,1119.1,4,1
229,9,Armsdealing 69,Reading,Armsdealing 69,1130.2,4,6
230,10,Some guy X sold weapons from Nigeria to somewhere else. Minsky sold guns to Yemen,Add note,0,1140.2,4,8
231,674,Armsdealing 85,Doc_open,Armsdealing 85,1213.9,4,5
232,10,Armsdealing 85,Reading,Armsdealing 85,1214.0,4,6
233,10,Armsdealing 85,Draging,Armsdealing 85,1214.8,4,4
234,9,Armsdealing 85,Reading,Armsdealing 85,1216.8,4,6
235,17,Armsdealing 85,Reading,Armsdealing 85,1218.8,4,6
236,373,Armsdealing 85,Reading,Armsdealing 85,1220.7,4,6
237,8,Armsdealing 85,Draging,Armsdealing 85,1281.9,4,4
238,2290,Armsdealing 81,Doc_open,Armsdealing 81,1283.5,4,5
239,8,Armsdealing 81,Reading,Armsdealing 81,1283.6,4,6
240,9,Armsdealing 81,Draging,Armsdealing 81,1284.1,4,4
241,82,Armsdealing 81,Reading,Armsdealing 81,1292.2,4,6
242,19,Armsdealing 85,Draging,Armsdealing 85,1301.3,4,4
243,5,Armsdealing 81,Reading,Armsdealing 81,1303.3,4,6
244,33,Armsdealing 81,Reading,Armsdealing 81,1304.2,4,6
245,22,Armsdealing 81,Draging,Armsdealing 81,1304.8,4,4
246,11,Armsdealing 85,Draging,Armsdealing 85,1308.4,4,4
247,5,Armsdealing 81,Reading,Armsdealing 81,1309.6,4,6
248,177,Armsdealing 81,Reading,Armsdealing 81,1310.1,4,6
249,148,Armsdealing 81,Reading,Armsdealing 81,1328.0,4,6
251,10,TO DO THIS IT BECOMES ABSOLUTELY NECESSARY FOR US TO OFFICIALISE THE FUNDS TRANSFER PROCESS MAKING IT TAKE THE SEMBLANCE OF AN ACTUAL CONTRACT PAYMENT.,Highlight,Armsdealing 81,1344.7,4,0
252,11,Armsdealing 81,Reading,Armsdealing 81,1344.9,4,6
253,80,Armsdealing 81,Reading,Armsdealing 81,1346.2,4,6
254,649,Armsdealing 81,Reading,Armsdealing 81,1355.6,4,6
256,9,Armsdealing 81,Reading,Armsdealing 81,1431.5,4,6
257,139,Armsdealing 81,Reading,Armsdealing 81,1434.7,4,6
258,5,Armsdealing 81,Reading,Armsdealing 81,1449.0,4,6
260,5,Armsdealing 81,Reading,Armsdealing 81,1510.3,4,6
261,7,Armsdealing 81,Draging,Armsdealing 81,1513.2,4,4
262,8,Armsdealing 81,Mouse_hover,Armsdealing 81,1514.5,4,1
263,9,Armsdealing 85,Mouse_hover,Armsdealing 85,1516.4,4,1
264,22,Armsdealing 81,Mouse_hover,Armsdealing 81,1517.6,4,1
265,14,Armsdealing 85,Mouse_hover,Armsdealing 85,1520.4,4,1
266,13,Armsdealing 85,Mouse_hover,Armsdealing 85,1523.0,4,1
267,8,Armsdealing 81,Mouse_hover,Armsdealing 81,1526.0,4,1
268,19,Armsdealing 85,Mouse_hover,Armsdealing 85,1527.0,4,1
269,10,"ArmsDealing81,ArmsDealing85",Connection,"ArmsDealing81,ArmsDealing85",1528.2,4,9
270,6,Armsdealing 85,Mouse_hover,Armsdealing 85,1530.3,4,1
271,18,Armsdealing 85,Draging,Armsdealing 85,1531.0,4,4
272,13,Armsdealing 72,Draging,Armsdealing 72,1534.2,4,4
273,17,Armsdealing 72,Mouse_hover,Armsdealing 72,1537.4,4,1
274,10,Armsdealing 72,Mouse_hover,Armsdealing 72,1540.9,4,1
275,11,Armsdealing 72,Mouse_hover,Armsdealing 72,1542.2,4,1
276,10,"ArmsDealing65,ArmsDealing72",Connection,"ArmsDealing65,ArmsDealing72",1542.5,4,9
277,18,Armsdealing 72,Draging,Armsdealing 72,1544.5,5,4
278,11,Armsdealing 26,Mouse_hover,Armsdealing 26,1547.8,5,1
279,5,Armsdealing 69,Reading,Armsdealing 69,1560.6,5,6
280,16,Armsdealing 24,Mouse_hover,Armsdealing 24,1561.0,5,1
281,46,Armsdealing 69,Reading,Armsdealing 69,1562.6,5,6
282,20,Armsdealing 86,Mouse_hover,Armsdealing 86,1569.1,5,1
283,13,Armsdealing 87,Mouse_hover,Armsdealing 87,1571.1,5,1
284,6,Armsdealing 88,Mouse_hover,Armsdealing 88,1572.4,5,1
285,6,Armsdealing 89,Mouse_hover,Armsdealing 89,1573.0,5,1
286,6,Armsdealing 91,Mouse_hover,Armsdealing 91,1573.8,5,1
287,22,Armsdealing 92,Mouse_hover,Armsdealing 92,1574.4,5,1
288,5,Armsdealing 69,Reading,Armsdealing 69,1576.6,5,6
289,5,Armsdealing 69,Reading,Armsdealing 69,1589.1,5,6
290,6,Armsdealing 89,Mouse_hover,Armsdealing 89,1590.6,5,1
291,10,Armsdealing 91,Mouse_hover,Armsdealing 91,1591.2,5,1
292,57,Armsdealing 96,Mouse_hover,Armsdealing 96,1593.3,5,1
293,17,Armsdealing 58,Mouse_hover,Armsdealing 58,1600.4,5,1
294,11,Armsdealing 65,Mouse_hover,Armsdealing 65,1605.1,5,1
295,5,Armsdealing 69,Reading,Armsdealing 69,1607.1,5,6
296,5,Armsdealing 69,Reading,Armsdealing 69,1607.7,5,6
297,7,Armsdealing 69,Reading,Armsdealing 69,1608.3,5,6
298,13,Armsdealing 102,Mouse_hover,Armsdealing 102,1619.9,5,1
299,21,Armsdealing 101,Mouse_hover,Armsdealing 101,1621.2,5,1
300,15,Armsdealing 72,Mouse_hover,Armsdealing 72,1634.2,5,1
301,5,Armsdealing 69,Reading,Armsdealing 69,1635.9,5,6
303,5,Armsdealing 69,Reading,Armsdealing 69,1649.5,5,6
304,20,Armsdealing 53,Mouse_hover,Armsdealing 53,1657.1,5,1
305,11,Armsdealing 6,Mouse_hover,Armsdealing 6,1659.1,5,1
306,8,Armsdealing 5,Mouse_hover,Armsdealing 5,1660.2,5,1
307,7,Armsdealing 4,Mouse_hover,Armsdealing 4,1661.0,5,1
308,6,Armsdealing 4,Mouse_hover,Armsdealing 4,1662.2,5,1
309,6,Armsdealing 5,Mouse_hover,Armsdealing 5,1662.8,5,1
310,17,Armsdealing 6,Mouse_hover,Armsdealing 6,1666.0,5,1
311,11,Armsdealing 5,Mouse_hover,Armsdealing 5,1667.7,5,1
312,25,Armsdealing 5,Mouse_hover,Armsdealing 5,1669.1,5,1
313,12,Armsdealing 6,Mouse_hover,Armsdealing 6,1671.6,5,1
314,6,Armsdealing 52,Mouse_hover,Armsdealing 52,1673.0,5,1
315,9,Armsdealing 31,Mouse_hover,Armsdealing 31,1677.3,5,1
316,38,Armsdealing 6,Draging,Armsdealing 6,1679.2,5,4
317,19,Armsdealing 69,Draging,Armsdealing 69,1684.9,5,4
318,18,Armsdealing 6,Draging,Armsdealing 6,1689.6,5,4
319,6,Armsdealing 5,Mouse_hover,Armsdealing 5,1692.2,5,1
320,9,Armsdealing 5,Draging,Armsdealing 5,1692.9,5,4
322,10,Armsdealing 4,Draging,Armsdealing 4,1694.7,5,4
323,19,Armsdealing 27,Draging,Armsdealing 27,1696.6,5,4
324,17,Armsdealing 56,Mouse_hover,Armsdealing 56,1712.4,5,1
325,105,Armsdealing 56,Doc_open,Armsdealing 56,1715.4,5,5
326,68,Armsdealing 56,Reading,Armsdealing 56,1715.5,5,6
327,0, Looking at other countries in the list (type 2) [top-down],Topic_change,top-down,1717.2,5,3
328,10,2009,Search,0,1724.4,5,2
329,27,Armsdealing 28,Draging,Armsdealing 28,1729.4,5,4
330,12,Armsdealing 29,Mouse_hover,Armsdealing 29,1732.7,5,1
331,23,Armsdealing 29,Draging,Armsdealing 29,1734.0,5,4
332,35,Armsdealing 30,Draging,Armsdealing 30,1737.0,5,4
333,13,Armsdealing 31,Mouse_hover,Armsdealing 31,1740.8,5,1
334,25,Armsdealing 54,Mouse_hover,Armsdealing 54,1742.1,5,1
335,10,Iran,Search,0,1766.3,5,2
336,23,Armsdealing 11,Mouse_hover,Armsdealing 11,1768.8,5,1
337,177,Armsdealing 11,Doc_open,Armsdealing 11,1771.2,5,5
338,5,Armsdealing 11,Reading,Armsdealing 11,1771.3,5,6
339,15,Armsdealing 34,Mouse_hover,Armsdealing 34,1790.0,5,1
340,161,Armsdealing 34,Doc_open,Armsdealing 34,1791.6,5,5
341,10,Armsdealing 60,Mouse_hover,Armsdealing 60,1808.3,5,1
342,37,Armsdealing 60,Doc_open,Armsdealing 60,1809.4,5,5
343,6,Armsdealing 64,Mouse_hover,Armsdealing 64,1813.6,6,1
344,109,Armsdealing 64,Doc_open,Armsdealing 64,1814.3,6,5
345,206,Armsdealing 71,Doc_open,Armsdealing 71,1826.6,6,5
346,10,Armsdealing 71,Reading,Armsdealing 71,1826.7,6,6
347,16,Armsdealing 89,Mouse_hover,Armsdealing 89,1827.9,6,1
348,6,Armsdealing 64,Mouse_hover,Armsdealing 64,1847.2,6,1
349,10,2009,Search,0,1861.4,6,2
350,13,Armsdealing 28,Mouse_hover,Armsdealing 28,1863.4,6,1
351,29,Armsdealing 3,Mouse_hover,Armsdealing 3,1864.7,6,1
352,84,Armsdealing 51,Mouse_hover,Armsdealing 51,1868.2,6,1
353,9,Armsdealing 65,Mouse_hover,Armsdealing 65,1884.6,6,1
354,6,Armsdealing 65,Draging,Armsdealing 65,1886.6,6,4
355,15,Armsdealing 72,Draging,Armsdealing 72,1887.9,6,4
356,7,Armsdealing 69,Draging,Armsdealing 69,1890.4,6,4
357,7,Armsdealing 26,Mouse_hover,Armsdealing 26,1892.4,6,1
358,19,Armsdealing 25,Draging,Armsdealing 25,1895.3,6,4
359,6,Armsdealing 28,Mouse_hover,Armsdealing 28,1898.0,6,1
360,21,Armsdealing 28,Draging,Armsdealing 28,1898.7,6,4
361,18,Armsdealing 29,Draging,Armsdealing 29,1903.5,6,4
362,7,Armsdealing 28,Draging,Armsdealing 28,1906.1,6,4
363,9,Armsdealing 29,Draging,Armsdealing 29,1907.6,6,4
365,17,Armsdealing 30,Draging,Armsdealing 30,1910.0,6,4
366,27,Armsdealing 51,Draging,Armsdealing 51,1913.1,6,4
367,24,Armsdealing 52,Draging,Armsdealing 52,1917.4,6,4
368,33,Armsdealing 53,Draging,Armsdealing 53,1921.9,6,4
369,9,Armsdealing 53,Draging,Armsdealing 53,1925.8,6,4
370,12,Armsdealing 54,Draging,Armsdealing 54,1928.2,6,4
371,7,Armsdealing 54,Draging,Armsdealing 54,1930.6,6,4
372,19,Armsdealing 77,Draging,Armsdealing 77,1932.6,6,4
373,24,Armsdealing 56,Draging,Armsdealing 56,1935.8,6,4
374,26,Armsdealing 84,Draging,Armsdealing 84,1939.6,6,4
375,11,Armsdealing 83,Mouse_hover,Armsdealing 83,1942.8,6,1
376,26,Armsdealing 87,Draging,Armsdealing 87,1944.6,6,4
377,21,Armsdealing 88,Draging,Armsdealing 88,1948.7,6,4
378,16,Armsdealing 89,Draging,Armsdealing 89,1952.1,6,4
379,12,Armsdealing 90,Draging,Armsdealing 90,1955.2,6,4
380,21,Armsdealing 70,Draging,Armsdealing 70,1957.9,6,4
381,7,Armsdealing 71,Draging,Armsdealing 71,1961.1,6,4
382,15,Armsdealing 71,Draging,Armsdealing 71,1962.6,6,4
383,10,Kenya,Search,0,1973.8,6,2
384,9,Armsdealing 68,Draging,Armsdealing 68,1978.7,6,4
385,10,Armsdealing 68,Mouse_hover,Armsdealing 68,1981.8,6,1
386,43,Armsdealing 68,Doc_open,Armsdealing 68,1982.9,6,5
387,13,Armsdealing 101,Mouse_hover,Armsdealing 101,1989.2,6,1
388,131,Armsdealing 101,Doc_open,Armsdealing 101,1990.6,6,5
390,7,Armsdealing 101,Draging,Armsdealing 101,2004.8,6,4
391,6,Armsdealing 101,Mouse_hover,Armsdealing 101,2006.7,6,1
392,27,Armsdealing 102,Doc_open,Armsdealing 102,2007.9,6,5
393,5,Armsdealing 102,Reading,Armsdealing 102,2008.0,6,6
394,28,Armsdealing 68,Draging,Armsdealing 68,2011.4,6,4
395,6,Armsdealing 102,Mouse_hover,Armsdealing 102,2014.8,6,1
396,37,Armsdealing 102,Draging,Armsdealing 102,2015.5,6,4
397,8,Armsdealing 102,Draging,Armsdealing 102,2019.9,6,4
398,9,Armsdealing 68,Mouse_hover,Armsdealing 68,2021.1,6,1
399,14,Armsdealing 102,Mouse_hover,Armsdealing 102,2022.1,6,1
400,10,"ArmsDealing68,ArmsDealing102",Connection,"ArmsDealing68,ArmsDealing102",2023.2,6,9
401,6,Armsdealing 68,Mouse_hover,Armsdealing 68,2023.6,6,1
402,6,Armsdealing 68,Draging,Armsdealing 68,2024.3,6,4
403,7,Armsdealing 81,Draging,Armsdealing 81,2025.4,6,4
404,6,Armsdealing 102,Draging,Armsdealing 102,2026.8,6,4
405,15,Armsdealing 30,Mouse_hover,Armsdealing 30,2032.3,6,1
406,18,Armsdealing 30,Draging,Armsdealing 30,2033.9,6,4
407,5908,Armsdealing 30,Doc_open,Armsdealing 30,2037.1,6,5
408,428,Armsdealing 30,Reading,Armsdealing 30,2037.2,6,6
410,19,Armsdealing 30,Draging,Armsdealing 30,2077.6,6,4
411,8,Armsdealing 68,Draging,Armsdealing 68,2080.8,6,4
412,26,Armsdealing 102,Draging,Armsdealing 102,2082.4,6,4
413,56,Armsdealing 30,Reading,Armsdealing 30,2085.2,6,6
414,24,Armsdealing 30,Reading,Armsdealing 30,2099.9,6,6
415,5,Armsdealing 30,Reading,Armsdealing 30,2102.6,6,6
416,8,Armsdealing 81,Mouse_hover,Armsdealing 81,2103.4,6,1
417,16,Armsdealing 81,Draging,Armsdealing 81,2104.3,6,4
418,15,Armsdealing 71,Mouse_hover,Armsdealing 71,2108.7,6,1
419,6,Armsdealing 70,Mouse_hover,Armsdealing 70,2110.2,6,1
420,10,Syria,Search,0,2117.3,6,2
421,8,Armsdealing 71,Mouse_hover,Armsdealing 71,2118.7,6,1
422,4296,Armsdealing 71,Doc_open,Armsdealing 71,2119.6,6,5
423,16,Armsdealing 71,Reading,Armsdealing 71,2119.7,6,6
424,116,Armsdealing 71,Reading,Armsdealing 71,2121.9,6,6
425,5,Armsdealing 71,Reading,Armsdealing 71,2139.8,6,6
426,6,Armsdealing 70,Mouse_hover,Armsdealing 70,2140.0,6,1
427,5,Armsdealing 71,Reading,Armsdealing 71,2143.1,6,6
428,5,Armsdealing 30,Reading,Armsdealing 30,2143.2,6,6
429,10,Armsdealing 22,Draging,Armsdealing 22,2145.1,6,4
430,146,Armsdealing 22,Doc_open,Armsdealing 22,2146.9,6,5
431,22,Armsdealing 22,Draging,Armsdealing 22,2147.8,7,4
432,6,Armsdealing 22,Draging,Armsdealing 22,2162.2,7,4
433,9,Armsdealing 17,Draging,Armsdealing 17,2164.1,7,4
434,133,Armsdealing 17,Doc_open,Armsdealing 17,2165.8,7,5
435,14,Armsdealing 17,Draging,Armsdealing 17,2179.7,7,4
436,5,Armsdealing 30,Reading,Armsdealing 30,2181.4,7,6
437,54,Armsdealing 81,Mouse_hover,Armsdealing 81,2182.0,7,1
438,11,Armsdealing 30,Reading,Armsdealing 30,2189.9,7,6
439,10,Lebanon,Search,0,2198.2,7,2
440,8,Armsdealing 28,Draging,Armsdealing 28,2200.1,8,4
441,174,Armsdealing 28,Doc_open,Armsdealing 28,2201.4,8,5
442,9,Armsdealing 28,Mouse_hover,Armsdealing 28,2221.1,8,1
443,10,Note,Create Note,0,2223.7,8,7
444,10,Onyangn and otieno and Nahid Owiti from Kenya,Add note,0,2225.2,8,8
445,6,Armsdealing 28,Mouse_hover,Armsdealing 28,2234.8,9,1
446,3029,Armsdealing 28,Doc_open,Armsdealing 28,2235.5,9,5
447,38,Armsdealing 28,Reading,Armsdealing 28,2235.6,9,6
448,9,Armsdealing 30,Reading,Armsdealing 30,2240.2,9,6
449,6,Armsdealing 68,Mouse_hover,Armsdealing 68,2242.2,9,1
450,604,Armsdealing 68,Doc_open,Armsdealing 68,2243.6,9,5
451,18,Armsdealing 68,Reading,Armsdealing 68,2243.7,9,6
452,5,Armsdealing 68,Reading,Armsdealing 68,2303.0,9,6
453,21,Armsdealing 30,Reading,Armsdealing 30,2305.6,9,6
454,17,Armsdealing 30,Reading,Armsdealing 30,2308.9,9,6
455,9,Armsdealing 30,Draging,Armsdealing 30,2309.5,9,4
456,5,Armsdealing 28,Reading,Armsdealing 28,2318.9,9,6
457,5,Armsdealing 28,Reading,Armsdealing 28,2320.0,9,6
458,14,Armsdealing 28,Reading,Armsdealing 28,2320.2,9,6
459,7,Armsdealing 30,Reading,Armsdealing 30,2321.8,9,6
460,5,Armsdealing 30,Reading,Armsdealing 30,2322.9,9,6
461,5,Armsdealing 28,Reading,Armsdealing 28,2340.0,9,6
462,5,Armsdealing 28,Reading,Armsdealing 28,2348.8,9,6
463,18,Armsdealing 28,Reading,Armsdealing 28,2372.3,9,6
464,6,Armsdealing 28,Reading,Armsdealing 28,2374.5,9,6
466,21,Armsdealing 30,Reading,Armsdealing 30,2384.9,9,6
467,11,Armsdealing 30,Reading,Armsdealing 30,2389.6,9,6
468,13,Armsdealing 102,Draging,Armsdealing 102,2391.4,9,4
469,15,Armsdealing 30,Reading,Armsdealing 30,2395.1,9,6
470,20,Armsdealing 102,Mouse_hover,Armsdealing 102,2397.1,9,1
471,11,Armsdealing 102,Draging,Armsdealing 102,2399.6,9,4
472,34,Armsdealing 30,Reading,Armsdealing 30,2401.9,9,6
473,6,Armsdealing 30,Draging,Armsdealing 30,2403.3,9,4
474,16,Armsdealing 81,Mouse_hover,Armsdealing 81,2411.9,9,1
475,10,Armsdealing 81,Mouse_hover,Armsdealing 81,2414.4,9,1
476,49,Armsdealing 30,Reading,Armsdealing 30,2415.5,9,6
477,5,Armsdealing 28,Reading,Armsdealing 28,2420.5,9,6
478,5,Armsdealing 30,Reading,Armsdealing 30,2422.2,9,6
479,151,Armsdealing 30,Reading,Armsdealing 30,2422.9,9,6
481,8,Armsdealing 30,Reading,Armsdealing 30,2464.6,9,6
482,24,Armsdealing 30,Reading,Armsdealing 30,2465.6,9,6
483,5,Armsdealing 30,Reading,Armsdealing 30,2468.2,9,6
484,5,Armsdealing 28,Reading,Armsdealing 28,2469.3,9,6
485,5,Armsdealing 28,Reading,Armsdealing 28,2469.6,9,6
486,32,Armsdealing 5,Mouse_hover,Armsdealing 5,2477.8,9,1
487,5,Armsdealing 28,Reading,Armsdealing 28,2481.7,9,6
488,5,Armsdealing 30,Reading,Armsdealing 30,2503.2,9,6
489,5,Armsdealing 30,Reading,Armsdealing 30,2503.6,9,6
490,33,Armsdealing 17,Mouse_hover,Armsdealing 17,2504.4,9,1
491,135,Armsdealing 4,Mouse_hover,Armsdealing 4,2508.3,9,1
492,5,Armsdealing 28,Reading,Armsdealing 28,2533.1,9,6
493,18,Armsdealing 28,Draging,Armsdealing 28,2539.2,9,4
494,7,Armsdealing 56,Mouse_hover,Armsdealing 56,2542.1,9,1
495,6,Armsdealing 56,Mouse_hover,Armsdealing 56,2542.8,9,1
496,10,Armsdealing 56,Draging,Armsdealing 56,2543.5,9,4
497,5,Armsdealing 71,Reading,Armsdealing 71,2544.9,9,6
498,5,Armsdealing 71,Reading,Armsdealing 71,2545.7,9,6
499,7,Armsdealing 71,Draging,Armsdealing 71,2547.8,9,4
500,11,Armsdealing 56,Mouse_hover,Armsdealing 56,2550.5,9,1
502,138,Armsdealing 56,Doc_open,Armsdealing 56,2551.7,9,5
504,15,Armsdealing 70,Mouse_hover,Armsdealing 70,2567.5,9,1
505,2971,Armsdealing 70,Doc_open,Armsdealing 70,2569.1,9,5
506,5,Armsdealing 70,Reading,Armsdealing 70,2569.2,10,6
507,185,Armsdealing 70,Reading,Armsdealing 70,2574.0,10,6
509,13,Armsdealing 28,Mouse_hover,Armsdealing 28,2607.9,10,1
510,55,Armsdealing 29,Mouse_hover,Armsdealing 29,2609.2,10,1
511,5,Armsdealing 30,Reading,Armsdealing 30,2615.3,10,6
512,10,Armsdealing 30,Reading,Armsdealing 30,2615.5,10,6
514,5,Armsdealing 70,Reading,Armsdealing 70,2639.8,10,6
515,58,Armsdealing 70,Reading,Armsdealing 70,2640.2,10,6
516,10,May 2009,Search,0,2658.8,10,2
517,17,Armsdealing 56,Mouse_hover,Armsdealing 56,2668.1,10,1
518,67,Armsdealing 70,Reading,Armsdealing 70,2670.3,10,6
520,10,Pakistan,Search,0,2699.2,10,2
521,79,Armsdealing 52,Doc_open,Armsdealing 52,2708.1,10,5
523,10,Armsdealing 52,Draging,Armsdealing 52,2717.3,10,4
524,15,Armsdealing 52,Mouse_hover,Armsdealing 52,2719.4,10,1
525,6,Armsdealing 52,Mouse_hover,Armsdealing 52,2721.1,10,1
526,512,Armsdealing 52,Doc_open,Armsdealing 52,2721.8,10,5
527,28,Armsdealing 52,Reading,Armsdealing 52,2721.9,10,6
528,268,Armsdealing 52,Reading,Armsdealing 52,2732.8,10,6
530,5,Armsdealing 52,Reading,Armsdealing 52,2771.4,10,6
531,19,Armsdealing 54,Mouse_hover,Armsdealing 54,2774.5,10,1
532,6,Armsdealing 53,Mouse_hover,Armsdealing 53,2776.5,10,1
533,202,Armsdealing 53,Doc_open,Armsdealing 53,2777.2,10,5
534,7,Armsdealing 52,Mouse_hover,Armsdealing 52,2797.8,10,1
535,40,Armsdealing 52,Doc_open,Armsdealing 52,2798.6,10,5
536,6,Armsdealing 54,Mouse_hover,Armsdealing 54,2803.0,10,1
537,382,Armsdealing 54,Doc_open,Armsdealing 54,2803.7,10,5
538,194,Armsdealing 54,Reading,Armsdealing 54,2803.8,10,6
539,10,Armsdealing 52,Mouse_hover,Armsdealing 52,2823.2,10,1
540,5,Armsdealing 54,Reading,Armsdealing 54,2824.2,10,6
541,10,"Saudi Arabia,",Search,0,2852.7,10,2
542,10,Saudi Arabia,Search,0,2859.2,11,2
543,10,Armsdealing 70,Reading,Armsdealing 70,2864.2,11,6
544,6,Armsdealing 88,Mouse_hover,Armsdealing 88,2866.2,11,1
546,16,Armsdealing 56,Mouse_hover,Armsdealing 56,2868.8,11,1
547,26,Armsdealing 51,Mouse_hover,Armsdealing 51,2886.1,11,1
548,12,Armsdealing 95,Mouse_hover,Armsdealing 95,2890.0,11,1
549,6,Armsdealing 96,Mouse_hover,Armsdealing 96,2891.2,11,1
550,114,Armsdealing 96,Doc_open,Armsdealing 96,2891.9,11,5
551,26,Armsdealing 96,Draging,Armsdealing 96,2893.8,12,4
552,17,Armsdealing 96,Draging,Armsdealing 96,2903.8,12,4
553,8,Armsdealing 63,Mouse_hover,Armsdealing 63,2906.1,12,1
554,779,Armsdealing 63,Doc_open,Armsdealing 63,2907.0,12,5
555,484,Armsdealing 63,Reading,Armsdealing 63,2907.1,13,6
557,282,Armsdealing 92,Mouse_hover,Armsdealing 92,2955.5,13,1
559,5,Armsdealing 63,Reading,Armsdealing 63,2983.8,13,6
560,10,Venezuela,Search,0,2992.2,13,2
561,9,Armsdealing 6,Mouse_hover,Armsdealing 6,2994.4,13,1
562,219,Armsdealing 6,Doc_open,Armsdealing 6,2995.4,13,5
563,43,Armsdealing 5,Mouse_hover,Armsdealing 5,3018.0,14,1
564,6632,Armsdealing 5,Doc_open,Armsdealing 5,3022.4,14,5
565,41,Armsdealing 5,Reading,Armsdealing 5,3022.5,14,6
566,7,Armsdealing 72,Mouse_hover,Armsdealing 72,3027.4,14,1
567,5,Armsdealing 5,Reading,Armsdealing 5,3038.7,14,6
568,5,Armsdealing 5,Reading,Armsdealing 5,3039.7,14,6
569,5,Armsdealing 5,Reading,Armsdealing 5,3040.2,14,6
570,14,Armsdealing 78,Mouse_hover,Armsdealing 78,3043.0,14,1
571,41,Armsdealing 5,Reading,Armsdealing 5,3052.5,14,6
572,13,Armsdealing 90,Mouse_hover,Armsdealing 90,3060.7,14,1
573,22,Armsdealing 90,Doc_open,Armsdealing 90,3062.1,14,5
574,8,Armsdealing 89,Mouse_hover,Armsdealing 89,3069.9,14,1
575,167,Armsdealing 89,Doc_open,Armsdealing 89,3070.8,14,5
576,11,Armsdealing 90,Mouse_hover,Armsdealing 90,3088.5,14,1
577,9,Armsdealing 90,Mouse_hover,Armsdealing 90,3091.5,14,1
578,74,Armsdealing 88,Doc_open,Armsdealing 88,3093.4,14,5
579,66,Armsdealing 87,Doc_open,Armsdealing 87,3101.9,15,5
581,9,Armsdealing 84,Mouse_hover,Armsdealing 84,3109.2,15,1
582,24,Armsdealing 88,Mouse_hover,Armsdealing 88,3110.3,15,1
583,46,Armsdealing 88,Doc_open,Armsdealing 88,3112.8,15,5
584,11,Armsdealing 89,Mouse_hover,Armsdealing 89,3117.8,15,1
585,218,Armsdealing 89,Doc_open,Armsdealing 89,3119.0,15,5
586,58,Armsdealing 90,Doc_open,Armsdealing 90,3141.8,15,5
587,37,Armsdealing 70,Mouse_hover,Armsdealing 70,3147.8,15,1
588,7,Armsdealing 52,Mouse_hover,Armsdealing 52,3151.8,15,1
589,8,Armsdealing 54,Mouse_hover,Armsdealing 54,3152.6,15,1
590,56,Armsdealing 54,Doc_open,Armsdealing 54,3153.5,15,5
591,10,Armsdealing 54,Reading,Armsdealing 54,3153.6,15,6
592,31,Armsdealing 54,Reading,Armsdealing 54,3155.2,15,6
593,13,Armsdealing 53,Mouse_hover,Armsdealing 53,3159.5,15,1
594,15,Armsdealing 53,Doc_open,Armsdealing 53,3160.9,15,5
595,7,Armsdealing 51,Mouse_hover,Armsdealing 51,3163.3,15,1
596,356,Armsdealing 51,Doc_open,Armsdealing 51,3164.1,15,5
597,52,Armsdealing 25,Doc_open,Armsdealing 25,3201.4,15,5
598,6,Armsdealing 25,Mouse_hover,Armsdealing 25,3216.6,15,1
599,272,Armsdealing 25,Doc_open,Armsdealing 25,3217.3,15,5
600,18,Armsdealing 25,Reading,Armsdealing 25,3217.4,15,6
601,5,Armsdealing 25,Reading,Armsdealing 25,3220.5,15,6
604,12,Armsdealing 87,Mouse_hover,Armsdealing 87,3245.7,15,1
605,7,Armsdealing 84,Mouse_hover,Armsdealing 84,3246.9,15,1
606,510,Armsdealing 25,Doc_open,Armsdealing 25,3252.3,15,5
607,82,Armsdealing 25,Reading,Armsdealing 25,3252.4,15,6
608,44,Armsdealing 25,Reading,Armsdealing 25,3261.6,15,6
609,0, What's the meeting in Dubai about (type 1)[top-down],Topic_change,top-down,3263.2,15,3
610,10,Burj,Search,0,3267.1,15,2
611,49,Armsdealing 25,Reading,Armsdealing 25,3267.3,15,6
612,10,Armsdealing 25,Draging,Armsdealing 25,3271.4,15,4
613,330,Armsdealing 29,Doc_open,Armsdealing 29,3273.5,15,5
614,74,Armsdealing 29,Reading,Armsdealing 29,3273.6,16,6
615,137,Armsdealing 28,Mouse_hover,Armsdealing 28,3281.0,16,1
616,12,Armsdealing 29,Reading,Armsdealing 29,3294.7,16,6
617,13,Armsdealing 29,Reading,Armsdealing 29,3296.0,16,6
619,32,Armsdealing 29,Reading,Armsdealing 29,3299.3,16,6
620,53,Armsdealing 29,Draging,Armsdealing 29,3307.2,16,4
621,29,Armsdealing 77,Doc_open,Armsdealing 77,3321.0,16,5
622,1483,Armsdealing 8,Doc_open,Armsdealing 8,3325.8,16,5
623,61,Armsdealing 8,Reading,Armsdealing 8,3325.9,16,6
625,129,Armsdealing 8,Reading,Armsdealing 8,3336.7,16,6
626,10,Kasem and Khouri in GAza,Add note,0,3351.2,16,8
627,86,Armsdealing 8,Reading,Armsdealing 8,3370.7,16,6
628,5,Armsdealing 5,Reading,Armsdealing 5,3379.4,16,6
629,5,Armsdealing 5,Reading,Armsdealing 5,3382.6,16,6
630,32,Armsdealing 91,Doc_open,Armsdealing 91,3385.0,16,5
631,11,Armsdealing 92,Mouse_hover,Armsdealing 92,3390.7,16,1
632,51,Armsdealing 92,Doc_open,Armsdealing 92,3391.9,16,5
633,7,Armsdealing 93,Mouse_hover,Armsdealing 93,3397.6,16,1
634,25,Armsdealing 93,Doc_open,Armsdealing 93,3398.8,16,5
635,20,Armsdealing 94,Mouse_hover,Armsdealing 94,3401.8,16,1
636,13,Armsdealing 94,Doc_open,Armsdealing 94,3403.9,16,5
638,7,Armsdealing 60,Mouse_hover,Armsdealing 60,3407.7,16,1
639,21,Armsdealing 93,Draging,Armsdealing 93,3410.4,16,4
640,28,Armsdealing 30,Mouse_hover,Armsdealing 30,3415.1,16,1
641,10,Armsdealing 69,Mouse_hover,Armsdealing 69,3418.8,16,1
642,10,Minsky and Nikolai in Russia,Add note,0,3420.2,16,8
643,37,Armsdealing 56,Mouse_hover,Armsdealing 56,3441.4,16,1
644,89,Armsdealing 56,Doc_open,Armsdealing 56,3445.2,16,5
645,10,salah ahmed,Search,0,3462.4,16,2
646,10, ahmed,Search,0,3468.2,17,2
647,10,ahmed,Search,0,3470.2,17,2
649,20,Armsdealing 87,Mouse_hover,Armsdealing 87,3480.2,17,1
650,9,Armsdealing 29,Mouse_hover,Armsdealing 29,3483.7,17,1
651,8,Armsdealing 51,Mouse_hover,Armsdealing 51,3486.8,17,1
652,10,Armsdealing 29,Mouse_hover,Armsdealing 29,3488.2,17,1
653,245,Armsdealing 29,Doc_open,Armsdealing 29,3489.3,17,5
655,10,April 19th reunion in Burj Al Arab Dubai,Add note,0,3519.2,18,8
656,10,"April 19th reunion in Dubai
",Highlight,Armsdealing 8,3541.5,18,0
657,13,Armsdealing 53,Mouse_hover,Armsdealing 53,3545.0,18,1
658,81,Armsdealing 29,Mouse_hover,Armsdealing 29,3549.2,18,1
659,89,Armsdealing 29,Doc_open,Armsdealing 29,3557.4,18,5
660,10,nicolai,Search,0,3577.2,18,2
661,10,nikolai,Search,0,3584.7,18,2
662,10,nicolai,Search,0,3590.5,18,2
663,13,Armsdealing 26,Doc_open,Armsdealing 26,3593.6,18,5
664,12,Armsdealing 30,Mouse_hover,Armsdealing 30,3598.1,18,1
665,10,the week of,Search,0,3605.5,18,2
666,5,Armsdealing 5,Reading,Armsdealing 5,3608.9,18,6
667,6,Armsdealing 92,Mouse_hover,Armsdealing 92,3609.3,18,1
668,193,Armsdealing 92,Doc_open,Armsdealing 92,3610.0,18,5
669,25,Armsdealing 5,Reading,Armsdealing 5,3631.1,18,6
670,8,Armsdealing 91,Mouse_hover,Armsdealing 91,3634.2,18,1
671,13,Armsdealing 61,Draging,Armsdealing 61,3635.7,18,4
672,9,Armsdealing 60,Mouse_hover,Armsdealing 60,3637.2,18,1
673,18,Armsdealing 60,Draging,Armsdealing 60,3638.2,18,4
674,10,Armsdealing 82,Draging,Armsdealing 82,3641.1,18,4
675,7,Armsdealing 58,Mouse_hover,Armsdealing 58,3642.2,18,1
676,9,Armsdealing 58,Draging,Armsdealing 58,3643.0,18,4
677,11,Armsdealing 58,Mouse_hover,Armsdealing 58,3649.1,18,1
678,65,Armsdealing 58,Doc_open,Armsdealing 58,3650.3,18,5
680,8,Armsdealing 58,Draging,Armsdealing 58,3657.2,18,4
681,11,Armsdealing 78,Mouse_hover,Armsdealing 78,3658.1,18,1
682,13,Armsdealing 72,Mouse_hover,Armsdealing 72,3662.2,18,1
683,8,Armsdealing 72,Mouse_hover,Armsdealing 72,3664.4,18,1
684,10,Armsdealing 39,Mouse_hover,Armsdealing 39,3667.0,18,1
685,15,Armsdealing 38,Mouse_hover,Armsdealing 38,3668.0,18,1
686,9,Armsdealing 72,Mouse_hover,Armsdealing 72,3677.8,18,1
687,5,Armsdealing 5,Reading,Armsdealing 5,3679.1,18,6
688,8,Armsdealing 84,Mouse_hover,Armsdealing 84,3707.4,18,1
689,50,Armsdealing 90,Mouse_hover,Armsdealing 90,3708.9,18,1
690,53,Armsdealing 88,Doc_open,Armsdealing 88,3715.1,18,5
691,6,Armsdealing 69,Mouse_hover,Armsdealing 69,3729.1,18,1
694,9,Armsdealing 8,Mouse_hover,Armsdealing 8,3775.1,18,1
695,21,Armsdealing 36,Mouse_hover,Armsdealing 36,3776.4,18,1
696,6,Armsdealing 64,Mouse_hover,Armsdealing 64,3782.4,18,1
697,8,Armsdealing 9,Mouse_hover,Armsdealing 9,3785.7,18,1
698,17,Armsdealing 8,Mouse_hover,Armsdealing 8,3786.5,18,1
699,7,Armsdealing 58,Mouse_hover,Armsdealing 58,3788.4,18,1
700,12,Armsdealing 3,Draging,Armsdealing 3,3789.7,18,4
701,6,Armsdealing 58,Mouse_hover,Armsdealing 58,3798.9,18,1
702,62,Armsdealing 58,Draging,Armsdealing 58,3800.5,18,4
703,189,Armsdealing 79,Doc_open,Armsdealing 79,3816.5,18,5
704,27,Armsdealing 76,Mouse_hover,Armsdealing 76,3839.4,18,1
705,16,Armsdealing 76,Doc_open,Armsdealing 76,3842.2,18,5
707,8,Armsdealing 100,Mouse_hover,Armsdealing 100,3844.6,18,1
708,16,Armsdealing 100,Mouse_hover,Armsdealing 100,3846.1,18,1
709,37,Armsdealing 26,Mouse_hover,Armsdealing 26,3848.8,18,1
710,6,Armsdealing 26,Draging,Armsdealing 26,3852.6,18,4
711,177,Armsdealing 26,Doc_open,Armsdealing 26,3853.9,18,5
712,62,Armsdealing 26,Reading,Armsdealing 26,3854.0,18,6
713,33,Armsdealing 101,Mouse_hover,Armsdealing 101,3873.8,18,1
714,15,Armsdealing 25,Mouse_hover,Armsdealing 25,3877.9,18,1
715,932,Armsdealing 25,Doc_open,Armsdealing 25,3879.5,18,5
716,5,Armsdealing 25,Reading,Armsdealing 25,3879.6,18,6
717,9,Armsdealing 52,Mouse_hover,Armsdealing 52,3910.8,18,1
718,35,Armsdealing 25,Reading,Armsdealing 25,3911.7,18,6
720,13,Armsdealing 25,Reading,Armsdealing 25,3915.3,18,6
721,23,Armsdealing 53,Mouse_hover,Armsdealing 53,3916.6,18,1
722,10,baltasar,Search,0,3926.8,18,2
723,11,Armsdealing 10,Draging,Armsdealing 10,3931.6,18,4
724,63,Armsdealing 10,Doc_open,Armsdealing 10,3933.8,18,5
726,5,Armsdealing 25,Reading,Armsdealing 25,3941.5,18,6
727,17,Armsdealing 10,Mouse_hover,Armsdealing 10,3943.1,18,1
728,57,Armsdealing 10,Mouse_hover,Armsdealing 10,3945.2,18,1
729,8,Armsdealing 25,Reading,Armsdealing 25,3951.7,18,6
730,16,Armsdealing 10,Draging,Armsdealing 10,3954.1,18,4
731,11,Armsdealing 72,Draging,Armsdealing 72,3957.4,18,4
732,5,Armsdealing 25,Reading,Armsdealing 25,3961.8,18,6
733,23,Armsdealing 25,Reading,Armsdealing 25,3962.4,18,6
734,5,Armsdealing 25,Reading,Armsdealing 25,3964.7,18,6
735,21,Armsdealing 25,Reading,Armsdealing 25,3967.1,18,6
736,18,Armsdealing 25,Draging,Armsdealing 25,3968.0,18,4
737,24,Armsdealing 25,Draging,Armsdealing 25,3973.3,18,4
738,22,Armsdealing 54,Mouse_hover,Armsdealing 54,3976.7,18,1
739,6,Armsdealing 29,Mouse_hover,Armsdealing 29,3979.9,18,1
740,23,Armsdealing 29,Doc_open,Armsdealing 29,3980.6,18,5
741,18,Armsdealing 51,Mouse_hover,Armsdealing 51,3983.5,18,1
742,8,Armsdealing 52,Mouse_hover,Armsdealing 52,3985.3,18,1
743,31,Armsdealing 17,Draging,Armsdealing 17,3992.1,18,4
744,6,Armsdealing 6,Mouse_hover,Armsdealing 6,3995.7,18,1
745,18,Armsdealing 30,Mouse_hover,Armsdealing 30,3997.0,18,1
746,9,Armsdealing 10,Mouse_hover,Armsdealing 10,3999.3,18,1
747,14,Armsdealing 25,Mouse_hover,Armsdealing 25,4000.3,18,1
748,10,"ArmsDealing10,ArmsDealing25",Connection,"ArmsDealing10,ArmsDealing25",4000.9,18,9
749,9,Armsdealing 17,Mouse_hover,Armsdealing 17,4001.8,18,1
750,10,"ArmsDealing25,ArmsDealing17",Connection,"ArmsDealing25,ArmsDealing17",4002.3,18,9
751,10,Baltasar in Turkey - aka the professor,Add note,0,4004.2,18,8
752,6,Armsdealing 37,Mouse_hover,Armsdealing 37,4053.5,18,1
753,47,Armsdealing 59,Mouse_hover,Armsdealing 59,4055.6,18,1
754,354,Armsdealing 59,Doc_open,Armsdealing 59,4060.4,18,5
755,114,Armsdealing 59,Reading,Armsdealing 59,4060.5,18,6
756,54,Armsdealing 59,Reading,Armsdealing 59,4073.4,18,6
757,13,Armsdealing 86,Mouse_hover,Armsdealing 86,4078.9,18,1
758,19,Armsdealing 83,Mouse_hover,Armsdealing 83,4096.7,18,1
759,81,Armsdealing 83,Doc_open,Armsdealing 83,4099.7,18,5
760,8,Armsdealing 86,Mouse_hover,Armsdealing 86,4108.2,18,1
761,13,Armsdealing 37,Mouse_hover,Armsdealing 37,4109.1,18,1
762,6,Armsdealing 38,Mouse_hover,Armsdealing 38,4110.4,18,1
763,128,Armsdealing 38,Doc_open,Armsdealing 38,4113.2,18,5
764,7,Armsdealing 39,Mouse_hover,Armsdealing 39,4126.3,18,1
765,121,Armsdealing 39,Doc_open,Armsdealing 39,4127.1,18,5
766,143,Armsdealing 40,Doc_open,Armsdealing 40,4140.1,18,5
767,7,Armsdealing 41,Mouse_hover,Armsdealing 41,4154.8,18,1
768,230,Armsdealing 41,Doc_open,Armsdealing 41,4155.6,18,5
769,21,Armsdealing 41,Reading,Armsdealing 41,4155.7,18,6
770,449,Armsdealing 42,Doc_open,Armsdealing 42,4179.5,18,5
771,9,Armsdealing 42,Reading,Armsdealing 42,4179.6,18,6
772,6,Armsdealing 13,Mouse_hover,Armsdealing 13,4180.7,18,1
773,6,Armsdealing 38,Mouse_hover,Armsdealing 38,4182.1,18,1
774,6,Armsdealing 37,Mouse_hover,Armsdealing 37,4182.7,18,1
775,7,Armsdealing 36,Mouse_hover,Armsdealing 36,4183.3,18,1
776,52,Armsdealing 11,Mouse_hover,Armsdealing 11,4184.0,18,1
777,17,Armsdealing 42,Reading,Armsdealing 42,4189.6,18,6
778,5,Armsdealing 42,Reading,Armsdealing 42,4191.7,18,6
779,30,Armsdealing 42,Reading,Armsdealing 42,4192.2,18,6
780,7,Armsdealing 83,Mouse_hover,Armsdealing 83,4198.5,18,1
781,237,Armsdealing 91,Mouse_hover,Armsdealing 91,4199.8,18,1
783,0, Looking for evidence of sickness (type 3) [top-down],Topic_change,top-down,4236.2,18,3
784,10,sick,Search,0,4239.7,18,2
785,11,Armsdealing 95,Draging,Armsdealing 95,4245.1,19,4
786,353,Armsdealing 95,Doc_open,Armsdealing 95,4246.9,19,5
787,10,Armsdealing 95,Reading,Armsdealing 95,4247.0,19,6
788,14,Armsdealing 95,Draging,Armsdealing 95,4247.6,19,4
790,19,Armsdealing 95,Draging,Armsdealing 95,4283.5,19,4
791,9,Armsdealing 95,Mouse_hover,Armsdealing 95,4286.4,19,1
792,6,Armsdealing 95,Mouse_hover,Armsdealing 95,4287.5,19,1
793,1213,Armsdealing 95,Doc_open,Armsdealing 95,4288.2,19,5
794,10,Armsdealing 95,Reading,Armsdealing 95,4288.3,19,6
795,10,Armsdealing 95,Draging,Armsdealing 95,4288.9,19,4
796,10, I know with your committment to our mutual business goals you will be able to persevere through sickness for our successful meeting.,Highlight,Armsdealing 95,4307.9,19,0
797,183,Armsdealing 95,Reading,Armsdealing 95,4308.0,19,6
799,23,Armsdealing 95,Draging,Armsdealing 95,4323.8,19,4
800,46,Armsdealing 81,Doc_open,Armsdealing 81,4327.2,19,5
801,8,Armsdealing 81,Reading,Armsdealing 81,4327.3,19,6
802,447,Armsdealing 95,Reading,Armsdealing 95,4332.6,19,6
805,5,Armsdealing 95,Reading,Armsdealing 95,4382.7,19,6
806,112,Armsdealing 95,Reading,Armsdealing 95,4383.5,19,6
807,33,Armsdealing 95,Draging,Armsdealing 95,4397.2,19,4
808,14,Armsdealing 95,Draging,Armsdealing 95,4410.4,19,4
809,13,Armsdealing 85,Mouse_hover,Armsdealing 85,4426.3,19,1
811,9,Armsdealing 92,Mouse_hover,Armsdealing 92,4455.4,19,1
812,13,Armsdealing 17,Mouse_hover,Armsdealing 17,4462.7,19,1
813,11,Armsdealing 59,Draging,Armsdealing 59,4465.9,19,4
814,6,Armsdealing 95,Mouse_hover,Armsdealing 95,4470.4,19,1
815,272,Armsdealing 95,Doc_open,Armsdealing 95,4471.1,19,5
816,6,Armsdealing 95,Reading,Armsdealing 95,4471.2,19,6
817,61,Armsdealing 95,Draging,Armsdealing 95,4471.7,19,4
818,11,Armsdealing 17,Draging,Armsdealing 17,4478.9,19,4
819,19,Armsdealing 25,Draging,Armsdealing 25,4480.5,19,4
820,5,Armsdealing 95,Reading,Armsdealing 95,4482.6,19,6
821,5,Armsdealing 95,Reading,Armsdealing 95,4484.3,19,6
822,7,Armsdealing 95,Mouse_hover,Armsdealing 95,4498.7,19,1
823,12,Armsdealing 95,Draging,Armsdealing 95,4499.5,19,4
824,8,Armsdealing 64,Mouse_hover,Armsdealing 64,4502.4,19,1
825,16,Armsdealing 64,Draging,Armsdealing 64,4503.3,19,4
826,10,Armsdealing 63,Mouse_hover,Armsdealing 63,4505.6,19,1
827,15,Armsdealing 63,Draging,Armsdealing 63,4506.7,19,4
828,34,Armsdealing 86,Draging,Armsdealing 86,4509.0,19,4
829,16,Armsdealing 62,Draging,Armsdealing 62,4513.3,19,4
830,32,Armsdealing 86,Mouse_hover,Armsdealing 86,4520.0,19,1
831,13,Armsdealing 62,Mouse_hover,Armsdealing 62,4523.3,19,1
832,144,Armsdealing 83,Mouse_hover,Armsdealing 83,4524.7,19,1
833,10,infection,Search,0,4548.5,19,2
834,10,columbia,Search,0,4556.0,19,2
835,176,Armsdealing 62,Doc_open,Armsdealing 62,4558.8,19,5
836,9,Armsdealing 69,Mouse_hover,Armsdealing 69,4579.2,19,1
837,11,Armsdealing 90,Mouse_hover,Armsdealing 90,4586.9,19,1
838,49,Armsdealing 90,Doc_open,Armsdealing 90,4588.1,19,5
839,8,Armsdealing 70,Mouse_hover,Armsdealing 70,4593.9,19,1
840,162,Armsdealing 70,Doc_open,Armsdealing 70,4594.8,19,5
841,113,Armsdealing 70,Mouse_hover,Armsdealing 70,4614.4,20,1
842,7,Armsdealing 87,Mouse_hover,Armsdealing 87,4626.4,20,1
843,83,Armsdealing 87,Doc_open,Armsdealing 87,4627.2,20,5
844,45,Armsdealing 88,Mouse_hover,Armsdealing 88,4637.2,20,1
845,35,Armsdealing 90,Mouse_hover,Armsdealing 90,4642.9,20,1
846,34,Armsdealing 93,Doc_open,Armsdealing 93,4649.3,20,5
847,10,Jhon and Hombre exchanging birthday present,Add note,0,4654.2,21,8
848,19,Armsdealing 6,Mouse_hover,Armsdealing 6,4662.4,21,1
849,32,Armsdealing 6,Doc_open,Armsdealing 6,4664.4,21,5
850,10,Above is my first understanding not the final results,Add note,0,4693.2,21,8
851,14,Armsdealing 3,Mouse_hover,Armsdealing 3,4737.1,22,1
852,141,Armsdealing 3,Doc_open,Armsdealing 3,4738.6,22,5
853,393,Armsdealing 2,Doc_open,Armsdealing 2,4753.6,22,5
854,14,Armsdealing 2,Reading,Armsdealing 2,4753.7,24,6
855,28,Armsdealing 1,Mouse_hover,Armsdealing 1,4755.1,24,1
856,141,Armsdealing 1,Mouse_hover,Armsdealing 1,4795.2,24,1
