,index,Unnamed: 0,duration,Text,InteractionType,ID,time,segment
0,4,4,10,disease,Search,0,89.4,0
1,5,5,0, (Looking for causes of the disease) (type 1) [top-down],Topic_change,top-down,89.4,0
2,6,6,6,Armsdealing 97,Mouse_hover,Armsdealing 97,97.2,0
3,7,7,8,Armsdealing 97,Draging,Armsdealing 97,97.9,0
4,8,8,11,Armsdealing 98,Draging,Armsdealing 98,99.4,0
5,9,9,10,Nigeria,Search,0,112.7,0
6,10,10,9,Armsdealing 31,Mouse_hover,Armsdealing 31,113.7,1
7,12,12,6,Armsdealing 79,Mouse_hover,Armsdealing 79,117.5,1
8,13,13,10,Armsdealing 79,Draging,Armsdealing 79,118.2,1
9,15,15,1950,Armsdealing 79,Doc_open,Armsdealing 79,120.5,1
10,16,16,554,Armsdealing 79,Reading,Armsdealing 79,120.6,1
11,19,19,1346,Armsdealing 79,Reading,Armsdealing 79,176.5,1
12,24,24,10,FUNSHO KAPOLALUM,Highlight,Armsdealing 79,312.2,1
13,25,25,27,Armsdealing 79,Reading,Armsdealing 79,312.3,1
14,26,26,20,Armsdealing 79,Doc_open,Armsdealing 79,317.3,1
15,28,28,5,Armsdealing 79,Doc_open,Armsdealing 79,320.1,1
16,29,29,6,Armsdealing 79,Doc_open,Armsdealing 79,320.6,1
17,30,30,10,Armsdealing 79,Doc_open,Armsdealing 79,321.9,1
18,31,31,73,Armsdealing 79,Doc_open,Armsdealing 79,323.5,1
19,32,32,31,Armsdealing 79,Reading,Armsdealing 79,323.6,1
20,33,33,11,Armsdealing 79,Draging,Armsdealing 79,331.6,1
21,34,34,7,Armsdealing 81,Mouse_hover,Armsdealing 81,334.1,1
22,35,35,7,Armsdealing 81,Draging,Armsdealing 81,334.9,1
23,37,37,983,Armsdealing 81,Doc_open,Armsdealing 81,336.2,1
24,38,38,196,Armsdealing 81,Reading,Armsdealing 81,336.3,1
25,39,39,6,Armsdealing 81,Draging,Armsdealing 81,336.9,1
26,41,41,23,Armsdealing 81,Reading,Armsdealing 81,358.2,1
27,42,42,507,Armsdealing 81,Reading,Armsdealing 81,361.3,1
28,45,45,6,Armsdealing 79,Draging,Armsdealing 79,412.7,1
29,46,46,49,Armsdealing 81,Reading,Armsdealing 81,413.5,1
30,48,48,10,gun,Search,0,421.8,1
31,49,49,0, (Looking for Gun dealers in Nigeria and Kenya) (type 2)[bottom-up],Topic_change,bottom-up,422.4,1
32,50,50,5,Armsdealing 81,Reading,Armsdealing 81,431.4,1
33,51,51,9,Armsdealing 81,Draging,Armsdealing 81,433.2,1
34,52,52,6,Armsdealing 97,Draging,Armsdealing 97,437.7,1
35,53,53,1213,Armsdealing 97,Doc_open,Armsdealing 97,438.9,1
36,54,54,6,Armsdealing 97,Reading,Armsdealing 97,439.0,2
37,55,55,6,Armsdealing 79,Draging,Armsdealing 79,440.3,2
38,56,56,9,Armsdealing 81,Draging,Armsdealing 81,441.8,2
39,57,57,5,Armsdealing 97,Reading,Armsdealing 97,443.6,2
40,58,58,304,Armsdealing 97,Reading,Armsdealing 97,444.0,2
41,60,60,10,Kenya,Highlight,Armsdealing 97,475.5,2
42,61,61,221,Armsdealing 97,Reading,Armsdealing 97,475.5,2
43,63,63,10,Also recovered were 150 guns,Highlight,Armsdealing 97,499.5,2
44,64,64,384,Armsdealing 97,Reading,Armsdealing 97,499.8,2
45,67,67,10,Armsdealing 97,Reading,Armsdealing 97,542.0,2
46,68,68,10,nigeria,Search,0,547.0,2
47,69,69,10,gun,Search,0,554.5,2
48,70,70,16,Armsdealing 97,Reading,Armsdealing 97,556.4,2
49,71,71,7,Armsdealing 97,Draging,Armsdealing 97,557.1,2
50,73,73,6,Armsdealing 98,Draging,Armsdealing 98,562.2,2
51,74,74,426,Armsdealing 98,Doc_open,Armsdealing 98,563.5,2
52,75,75,173,Armsdealing 98,Reading,Armsdealing 98,563.6,2
53,78,78,10,nigeria,Search,0,586.1,2
54,79,79,10,kenya,Search,0,590.8,3
55,80,80,10,Armsdealing 98,Draging,Armsdealing 98,602.1,4
56,82,82,10,gun,Search,0,614.6,4
57,83,83,357,Armsdealing 100,Doc_open,Armsdealing 100,616.5,4
58,84,84,32,Armsdealing 100,Reading,Armsdealing 100,616.6,4
59,85,85,10,nigeria,Search,0,623.4,4
60,87,87,10,nigeria gun,Search,0,636.6,4
61,88,88,10,nigeria + gun,Search,0,640.4,5
62,89,89,10,nigeria,Search,0,643.6,5
63,90,90,15,Armsdealing 100,Reading,Armsdealing 100,649.7,5
64,91,91,8,Armsdealing 100,Draging,Armsdealing 100,650.2,5
65,92,92,7,Armsdealing 84,Draging,Armsdealing 84,654.1,5
66,93,93,233,Armsdealing 84,Doc_open,Armsdealing 84,655.5,5
67,94,94,5,Armsdealing 84,Reading,Armsdealing 84,655.6,6
68,96,96,10,gun,Search,0,659.2,6
69,97,97,10,nigeria,Search,0,663.7,6
70,98,98,10,gun,Search,0,673.4,7
71,99,99,11,Armsdealing 65,Draging,Armsdealing 65,676.3,8
72,101,101,7,Armsdealing 65,Draging,Armsdealing 65,679.6,8
73,102,102,2403,Armsdealing 65,Doc_open,Armsdealing 65,680.7,8
74,103,103,11,Armsdealing 65,Reading,Armsdealing 65,680.8,9
75,104,104,5,Armsdealing 65,Reading,Armsdealing 65,682.3,9
76,105,105,10,nigeria,Search,0,685.8,9
77,106,106,10,gun,Search,0,690.2,9
78,107,107,167,Armsdealing 65,Reading,Armsdealing 65,691.5,9
79,109,109,11,Armsdealing 65,Reading,Armsdealing 65,713.8,9
80,110,110,10,"February 1, 2009",Highlight,Armsdealing 65,715.9,9
81,111,111,942,Armsdealing 65,Reading,Armsdealing 65,716.0,9
82,115,115,10,nigeria,Search,0,813.8,9
83,116,116,326,Armsdealing 65,Reading,Armsdealing 65,815.4,9
84,118,118,53,Armsdealing 97,Doc_open,Armsdealing 97,851.6,9
85,121,121,17,Armsdealing 79,Mouse_hover,Armsdealing 79,860.3,10
86,122,122,688,Armsdealing 79,Doc_open,Armsdealing 79,862.1,10
87,126,126,7,Armsdealing 65,Draging,Armsdealing 65,918.5,10
88,127,127,9,Armsdealing 65,Draging,Armsdealing 65,922.1,10
89,128,128,11,Armsdealing 65,Draging,Armsdealing 65,926.4,10
90,129,129,10,"ArmsDealing65, Prompt Note  ",Connection,ArmsDealing65,937.4,10
91,130,130,51,Armsdealing 79,Mouse_hover,Armsdealing 79,939.5,10
92,132,132,10,"ArmsDealing65,ArmsDealing79",Connection,ArmsDealing65,944.2,10
93,133,133,7,Armsdealing 97,Mouse_hover,Armsdealing 97,945.6,10
94,134,134,7,Armsdealing 65,Draging,Armsdealing 65,947.5,10
95,135,135,15,Armsdealing 97,Mouse_hover,Armsdealing 97,948.5,10
96,136,136,17,Armsdealing 97,Doc_open,Armsdealing 97,950.7,10
97,137,137,10,gun,Search,0,960.7,10
98,139,139,38,Armsdealing 91,Doc_open,Armsdealing 91,964.8,10
99,140,140,5,Armsdealing 91,Reading,Armsdealing 91,964.9,11
100,141,141,7,Armsdealing 91,Reading,Armsdealing 91,965.8,11
101,142,142,7,Armsdealing 72,Mouse_hover,Armsdealing 72,969.1,11
102,143,143,16,Armsdealing 72,Draging,Armsdealing 72,969.9,11
103,144,144,132,Armsdealing 72,Doc_open,Armsdealing 72,972.2,11
104,145,145,111,Armsdealing 72,Reading,Armsdealing 72,972.3,12
105,147,147,438,Armsdealing 72,Doc_open,Armsdealing 72,987.3,12
106,148,148,113,Armsdealing 72,Reading,Armsdealing 72,987.4,12
107,149,149,324,Armsdealing 65,Doc_open,Armsdealing 65,1000.5,12
108,150,150,81,Armsdealing 72,Reading,Armsdealing 72,1003.4,12
109,151,151,87,Armsdealing 72,Reading,Armsdealing 72,1011.6,12
110,152,152,10,nigeria,Search,0,1024.1,12
111,153,153,32,Armsdealing 72,Reading,Armsdealing 72,1025.6,12
112,155,155,12,Armsdealing 72,Draging,Armsdealing 72,1033.7,12
113,156,156,15,Armsdealing 65,Mouse_hover,Armsdealing 65,1036.4,12
114,157,157,24,Armsdealing 72,Mouse_hover,Armsdealing 72,1037.9,12
115,158,158,10,"ArmsDealing65,ArmsDealing72",Connection,ArmsDealing65,1038.8,12
116,159,159,7,Armsdealing 72,Draging,Armsdealing 72,1040.4,12
117,161,161,9,Armsdealing 65,Mouse_hover,Armsdealing 65,1043.6,12
118,162,162,80,Armsdealing 65,Doc_open,Armsdealing 65,1044.6,12
119,163,163,10,gun,Search,0,1072.3,12
120,164,164,10,nigeria,Search,0,1078.5,12
121,165,165,10,gun,Search,0,1083.4,12
122,166,166,10,nigeria,Search,0,1090.6,12
123,168,168,10,disease,Search,0,1099.1,12
124,169,169,0, (Looking for evidence of sickness) (type 3)[top-down],Topic_change,top-down,1099.4,12
125,170,170,10,spread,Search,0,1108.8,12
126,171,171,10,epidimic,Search,0,1118.3,12
127,173,173,10,sickness,Search,0,1129.5,12
128,174,174,6,Armsdealing 95,Mouse_hover,Armsdealing 95,1133.0,12
129,175,175,10,Armsdealing 95,Draging,Armsdealing 95,1133.7,12
130,176,176,6,Armsdealing 95,Mouse_hover,Armsdealing 95,1135.3,12
131,177,177,928,Armsdealing 95,Doc_open,Armsdealing 95,1137.6,12
132,178,178,225,Armsdealing 95,Reading,Armsdealing 95,1137.7,12
133,181,181,120,Armsdealing 79,Mouse_hover,Armsdealing 79,1160.9,12
134,182,182,5,Armsdealing 79,Doc_open,Armsdealing 79,1173.0,12
135,186,186,22,Armsdealing 95,Draging,Armsdealing 95,1225.8,12
136,188,188,9,Armsdealing 95,Mouse_hover,Armsdealing 95,1232.5,12
137,189,189,141,Armsdealing 95,Doc_open,Armsdealing 95,1233.5,12
138,190,190,6,Armsdealing 95,Draging,Armsdealing 95,1246.2,12
139,191,191,23,Armsdealing 95,Mouse_hover,Armsdealing 95,1250.3,12
140,192,192,10,"ArmsDealing79,ArmsDealing95",Connection,ArmsDealing79,1251.8,12
141,193,193,36,Armsdealing 95,Draging,Armsdealing 95,1253.2,12
142,194,194,6,Armsdealing 95,Mouse_hover,Armsdealing 95,1259.0,12
143,195,195,2128,Armsdealing 95,Doc_open,Armsdealing 95,1261.9,12
144,196,196,69,Armsdealing 95,Reading,Armsdealing 95,1262.0,12
145,197,197,10,Dr. George,Search,0,1270.9,12
146,198,198,5,Armsdealing 95,Reading,Armsdealing 95,1271.1,13
147,199,199,23,Armsdealing 84,Mouse_hover,Armsdealing 84,1271.8,13
148,200,200,1994,Armsdealing 84,Doc_open,Armsdealing 84,1274.2,13
149,201,201,149,Armsdealing 84,Reading,Armsdealing 84,1274.3,14
150,202,202,9,Armsdealing 84,Draging,Armsdealing 84,1287.8,14
151,204,204,96,Armsdealing 84,Reading,Armsdealing 84,1291.6,14
152,205,205,63,Armsdealing 95,Reading,Armsdealing 95,1301.3,14
153,206,206,10,Armsdealing 84,Reading,Armsdealing 84,1307.8,14
154,207,207,62,Armsdealing 95,Reading,Armsdealing 95,1309.0,14
155,208,208,57,Armsdealing 84,Reading,Armsdealing 84,1315.3,14
156,210,210,5,Armsdealing 95,Reading,Armsdealing 95,1321.0,14
157,211,211,10,Note,Create Note,0,1324.1,14
158,212,212,10,Dr. George and Mikhail emailed,Add note,0,1331.4,14
159,213,213,5,Armsdealing 95,Reading,Armsdealing 95,1354.6,14
160,214,214,5,Armsdealing 95,Reading,Armsdealing 95,1354.7,14
161,215,215,5,Armsdealing 95,Reading,Armsdealing 95,1356.4,14
162,216,216,97,Armsdealing 79,Doc_open,Armsdealing 79,1358.6,14
163,217,217,5,Armsdealing 95,Reading,Armsdealing 95,1370.3,15
164,218,218,839,Armsdealing 84,Reading,Armsdealing 84,1371.0,15
165,219,219,26,Armsdealing 84,Draging,Armsdealing 84,1371.5,15
166,221,221,5,Armsdealing 95,Reading,Armsdealing 95,1454.9,15
167,222,222,10,Armsdealing 84,Reading,Armsdealing 84,1455.3,15
168,223,223,9,Armsdealing 95,Reading,Armsdealing 95,1456.3,15
169,224,224,5,Armsdealing 84,Reading,Armsdealing 84,1457.2,15
170,225,225,11,Armsdealing 84,Reading,Armsdealing 84,1457.5,15
171,226,226,19,Armsdealing 95,Reading,Armsdealing 95,1458.9,15
172,227,227,10,"ArmsDealing84,ArmsDealing95",Connection,ArmsDealing84,1460.1,15
173,228,228,5,Armsdealing 84,Reading,Armsdealing 84,1460.8,16
174,229,229,5,Armsdealing 95,Reading,Armsdealing 95,1460.8,16
175,230,230,5,Armsdealing 84,Reading,Armsdealing 84,1462.1,16
176,231,231,5,Armsdealing 84,Reading,Armsdealing 84,1462.2,16
177,233,233,5,Armsdealing 84,Reading,Armsdealing 84,1464.5,16
178,234,234,5,Armsdealing 84,Reading,Armsdealing 84,1466.3,16
179,235,235,13,Armsdealing 84,Draging,Armsdealing 84,1475.7,16
180,236,236,8,Armsdealing 85,Draging,Armsdealing 85,1480.6,16
181,237,237,2311,Armsdealing 85,Doc_open,Armsdealing 85,1481.9,16
182,238,238,292,Armsdealing 85,Reading,Armsdealing 85,1482.0,16
183,239,239,24,Armsdealing 85,Draging,Armsdealing 85,1485.6,16
184,240,240,16,Armsdealing 98,Mouse_hover,Armsdealing 98,1513.4,16
185,241,241,7,Armsdealing 97,Mouse_hover,Armsdealing 97,1515.2,16
186,242,242,32,Armsdealing 97,Doc_open,Armsdealing 97,1516.0,16
187,243,243,17,Armsdealing 100,Doc_open,Armsdealing 100,1520.3,16
188,245,245,6,Armsdealing 100,Mouse_hover,Armsdealing 100,1524.0,16
189,246,246,30354,Armsdealing 100,Doc_open,Armsdealing 100,1524.7,16
190,247,247,14,Armsdealing 100,Reading,Armsdealing 100,1524.8,16
191,248,248,19,Armsdealing 65,Mouse_hover,Armsdealing 65,1526.4,16
192,249,249,8,Armsdealing 65,Draging,Armsdealing 65,1528.4,16
193,250,250,24,Armsdealing 65,Doc_open,Armsdealing 65,1529.9,16
194,251,251,6,Armsdealing 84,Mouse_hover,Armsdealing 84,1532.8,16
195,252,252,120,Armsdealing 84,Doc_open,Armsdealing 84,1533.7,16
196,253,253,106,Armsdealing 84,Reading,Armsdealing 84,1533.8,16
197,254,254,14,Armsdealing 72,Mouse_hover,Armsdealing 72,1546.0,16
198,255,255,268,Armsdealing 72,Doc_open,Armsdealing 72,1547.5,16
199,256,256,11,Armsdealing 72,Reading,Armsdealing 72,1547.6,16
200,257,257,6,Armsdealing 79,Mouse_hover,Armsdealing 79,1549.6,16
201,258,258,5,Armsdealing 79,Doc_open,Armsdealing 79,1550.3,16
202,259,259,20,Armsdealing 81,Doc_open,Armsdealing 81,1551.1,16
203,260,260,19,Armsdealing 95,Doc_open,Armsdealing 95,1554.0,16
204,261,261,6,Armsdealing 65,Mouse_hover,Armsdealing 65,1556.3,16
205,262,262,5,Armsdealing 65,Doc_open,Armsdealing 65,1557.0,16
206,263,263,39,Armsdealing 72,Reading,Armsdealing 72,1557.7,16
207,264,264,87,Armsdealing 72,Reading,Armsdealing 72,1562.6,16
208,265,265,28,Armsdealing 72,Draging,Armsdealing 72,1563.1,16
209,266,266,10,10 March 2009,Highlight,Armsdealing 72,1572.7,16
210,267,267,11,Armsdealing 84,Mouse_hover,Armsdealing 84,1574.8,16
211,268,268,173,Armsdealing 84,Doc_open,Armsdealing 84,1576.0,16
212,269,269,117,Armsdealing 84,Reading,Armsdealing 84,1576.1,16
213,271,271,10,2 DECEMBER 2009,Highlight,Armsdealing 72,1588.7,16
214,272,272,15,Armsdealing 95,Mouse_hover,Armsdealing 95,1594.5,16
215,273,273,87,Armsdealing 95,Doc_open,Armsdealing 95,1596.1,16
216,274,274,56,Armsdealing 95,Reading,Armsdealing 95,1596.2,16
217,275,275,10,11 February 2009,Highlight,Armsdealing 84,1603.1,16
218,276,276,5,Armsdealing 95,Reading,Armsdealing 95,1603.2,16
219,277,277,5,Armsdealing 85,Reading,Armsdealing 85,1609.9,16
220,278,278,600,Armsdealing 85,Reading,Armsdealing 85,1610.3,16
221,283,283,10, 7 DECEMBER 2008,Highlight,Armsdealing 85,1671.7,16
222,284,284,392,Armsdealing 85,Reading,Armsdealing 85,1671.8,16
223,286,286,19,Armsdealing 85,Draging,Armsdealing 85,1713.6,16
224,287,287,6,Armsdealing 24,Mouse_hover,Armsdealing 24,1717.9,16
225,288,288,11,Armsdealing 24,Draging,Armsdealing 24,1718.6,16
226,289,289,1647,Armsdealing 24,Doc_open,Armsdealing 24,1720.3,16
227,290,290,603,Armsdealing 24,Reading,Armsdealing 24,1720.4,16
228,293,293,10,2 JANUARY 2009,Highlight,Armsdealing 85,1781.9,16
229,294,294,535,Armsdealing 24,Reading,Armsdealing 24,1782.0,16
230,297,297,20,Armsdealing 85,Draging,Armsdealing 85,1854.7,16
231,298,298,9,Armsdealing 24,Draging,Armsdealing 24,1883.0,16
232,299,299,6,Armsdealing 24,Draging,Armsdealing 24,1886.0,16
233,300,300,7,Armsdealing 77,Mouse_hover,Armsdealing 77,1895.9,16
234,302,302,10,weapon,Search,0,1902.1,16
235,303,303,0, (Looking for arms  in 2009) (type 2)[bottom-up],Topic_change,bottom-up,1905.4,16
236,304,304,10,nigeria,Search,0,1907.8,16
237,305,305,10,russia,Search,0,1912.8,17
238,306,306,330,Armsdealing 80,Doc_open,Armsdealing 80,1917.6,18
239,307,307,62,Armsdealing 80,Reading,Armsdealing 80,1917.7,19
240,308,308,10,"20 September, 2008.",Highlight,Armsdealing 24,1925.2,19
241,309,309,12,Armsdealing 80,Draging,Armsdealing 80,1951.2,19
242,310,310,12,Armsdealing 77,Mouse_hover,Armsdealing 77,1953.5,19
243,311,311,11,Armsdealing 77,Draging,Armsdealing 77,1954.8,19
244,313,313,34,Armsdealing 77,Mouse_hover,Armsdealing 77,1961.0,19
245,314,314,345,Armsdealing 77,Doc_open,Armsdealing 77,1964.5,19
246,315,315,52,Armsdealing 77,Reading,Armsdealing 77,1964.6,19
247,316,316,21,Armsdealing 102,Mouse_hover,Armsdealing 102,1969.9,19
248,318,318,12,Armsdealing 77,Draging,Armsdealing 77,1999.7,19
249,319,319,11,Armsdealing 28,Mouse_hover,Armsdealing 28,2002.4,19
250,321,321,15,Armsdealing 29,Mouse_hover,Armsdealing 29,2003.5,19
251,322,322,10,sickness,Search,0,2031.3,19
252,323,323,10,firearms,Search,0,2040.3,20
253,324,324,9,Armsdealing 96,Draging,Armsdealing 96,2044.7,21
254,325,325,208,Armsdealing 96,Doc_open,Armsdealing 96,2047.6,21
255,327,327,9,Armsdealing 96,Draging,Armsdealing 96,2068.8,21
256,328,328,9,Armsdealing 76,Draging,Armsdealing 76,2070.7,21
257,329,329,41,Armsdealing 76,Doc_open,Armsdealing 76,2074.4,21
258,330,330,8,Armsdealing 76,Draging,Armsdealing 76,2078.9,21
259,331,331,10,Armsdealing 63,Mouse_hover,Armsdealing 63,2081.2,21
260,332,332,7,Armsdealing 75,Draging,Armsdealing 75,2083.8,21
261,333,333,26,Armsdealing 75,Doc_open,Armsdealing 75,2089.8,21
262,334,334,7,Armsdealing 75,Draging,Armsdealing 75,2092.9,21
263,335,335,10,weapon,Search,0,2097.6,21
264,336,336,9,Armsdealing 71,Mouse_hover,Armsdealing 71,2108.0,21
265,337,337,11,Armsdealing 71,Draging,Armsdealing 71,2109.0,21
266,338,338,156,Armsdealing 71,Doc_open,Armsdealing 71,2110.7,21
267,340,340,10,illegal,Search,0,2132.1,22
268,341,341,10,Armsdealing 68,Draging,Armsdealing 68,2138.4,22
269,342,342,589,Armsdealing 68,Doc_open,Armsdealing 68,2140.2,22
270,343,343,156,Armsdealing 68,Reading,Armsdealing 68,2140.3,23
271,346,346,17,Armsdealing 68,Draging,Armsdealing 68,2200.0,23
272,348,348,9,Armsdealing 76,Mouse_hover,Armsdealing 76,2213.0,23
273,349,349,10,iran,Search,0,2217.7,23
274,350,350,0, (Looking new information every where) (type 3) [bottom-up],Topic_change,bottom-up,2222.4,24
275,351,351,7,Armsdealing 64,Draging,Armsdealing 64,2226.8,24
276,352,352,184,Armsdealing 64,Doc_open,Armsdealing 64,2229.8,24
277,353,353,11,Armsdealing 61,Mouse_hover,Armsdealing 61,2249.5,25
278,354,354,10,syria,Search,0,2260.5,25
279,355,355,98,Armsdealing 71,Doc_open,Armsdealing 71,2263.8,26
280,356,356,10,lagos,Search,0,2280.6,27
281,357,357,10,nigeria,Search,0,2284.5,27
282,359,359,10,boyo,Search,0,2297.0,27
283,360,360,10,mikhail,Search,0,2304.5,27
284,361,361,10,dombrovski\,Search,0,2318.0,28
285,362,362,10,dombrovski,Search,0,2325.7,28
286,363,363,19,Armsdealing 65,Mouse_hover,Armsdealing 65,2339.4,28
287,364,364,88,Armsdealing 65,Doc_open,Armsdealing 65,2341.4,28
288,366,366,784,Armsdealing 65,Doc_open,Armsdealing 65,2351.6,29
289,367,367,10,misky,Search,0,2360.2,29
290,368,368,10,minskt,Search,0,2365.7,29
291,369,369,10,minsky,Search,0,2366.9,29
292,370,370,12,Armsdealing 69,Draging,Armsdealing 69,2370.9,29
293,371,371,8,Armsdealing 69,Mouse_hover,Armsdealing 69,2373.2,29
294,372,372,544,Armsdealing 69,Doc_open,Armsdealing 69,2374.1,29
295,373,373,321,Armsdealing 69,Reading,Armsdealing 69,2374.2,29
296,374,374,10,minsky,Search,0,2408.7,29
297,375,375,10,lenoid,Search,0,2413.6,29
298,376,376,10,leonid,Search,0,2421.3,29
299,377,377,10,Armsdealing 69,Draging,Armsdealing 69,2426.7,29
300,378,378,5,Armsdealing 65,Doc_open,Armsdealing 65,2431.5,29
301,379,379,22,Armsdealing 69,Mouse_hover,Armsdealing 69,2433.3,29
302,380,380,10,"ArmsDealing65,ArmsDealing69",Connection,ArmsDealing65,2435.0,29
303,382,382,6,Armsdealing 88,Mouse_hover,Armsdealing 88,2449.0,29
304,383,383,43,Armsdealing 64,Mouse_hover,Armsdealing 64,2449.6,29
305,385,385,0, (Looking at the time when disease appeared first) (type 3) [top-down],Topic_change,top-down,2471.4,29
306,386,386,10,may 2009,Search,0,2477.0,29
307,387,387,14,Armsdealing 55,Draging,Armsdealing 55,2481.5,29
308,388,388,24,Armsdealing 55,Mouse_hover,Armsdealing 55,2482.6,29
309,389,389,992,Armsdealing 55,Doc_open,Armsdealing 55,2485.1,29
310,390,390,876,Armsdealing 55,Reading,Armsdealing 55,2485.2,30
311,393,393,88,Armsdealing 55,Reading,Armsdealing 55,2573.2,30
312,394,394,10,/Dubai/Burj-Al-Arab,Highlight,Armsdealing 55,2583.0,30
313,395,395,6,Armsdealing 88,Mouse_hover,Armsdealing 88,2585.6,30
314,397,397,8,Armsdealing 56,Draging,Armsdealing 56,2587.8,30
315,398,398,239,Armsdealing 56,Doc_open,Armsdealing 56,2589.4,30
316,400,400,9,Armsdealing 56,Draging,Armsdealing 56,2613.8,30
317,401,401,6,Armsdealing 70,Mouse_hover,Armsdealing 70,2615.7,30
318,402,402,9,Armsdealing 70,Draging,Armsdealing 70,2616.4,30
319,403,403,290,Armsdealing 70,Doc_open,Armsdealing 70,2617.9,30
320,404,404,9,Armsdealing 70,Draging,Armsdealing 70,2618.6,30
321,405,405,8,Armsdealing 70,Draging,Armsdealing 70,2647.4,30
322,406,406,10,dubai,Search,0,2651.9,30
323,407,407,9,Armsdealing 52,Draging,Armsdealing 52,2659.5,31
324,408,408,547,Armsdealing 52,Doc_open,Armsdealing 52,2661.3,31
325,409,409,10,Armsdealing 52,Reading,Armsdealing 52,2661.4,32
326,410,410,105,Armsdealing 55,Doc_open,Armsdealing 55,2664.2,32
327,412,412,5,Armsdealing 55,Doc_open,Armsdealing 55,2676.1,32
328,413,413,371,Armsdealing 52,Reading,Armsdealing 52,2676.3,32
329,414,414,9,Armsdealing 52,Draging,Armsdealing 52,2686.4,32
330,415,415,9,Armsdealing 52,Draging,Armsdealing 52,2688.2,32
331,418,418,10,Dubai,Highlight,Armsdealing 52,2714.7,32
332,419,419,6,Armsdealing 25,Mouse_hover,Armsdealing 25,2718.0,32
333,420,420,10,Armsdealing 25,Draging,Armsdealing 25,2718.7,32
334,421,421,2487,Armsdealing 25,Doc_open,Armsdealing 25,2723.3,32
335,422,422,624,Armsdealing 25,Reading,Armsdealing 25,2723.4,32
336,423,423,9,Armsdealing 25,Draging,Armsdealing 25,2724.4,32
337,426,426,10,Dubai.,Highlight,Armsdealing 52,2788.7,32
338,427,427,48,Armsdealing 25,Reading,Armsdealing 25,2788.8,32
339,428,428,7,Armsdealing 25,Draging,Armsdealing 25,2790.7,32
340,429,429,6,Armsdealing 25,Draging,Armsdealing 25,2792.7,32
341,430,430,201,Armsdealing 25,Reading,Armsdealing 25,2796.8,32
342,432,432,10,textbook,Search,0,2819.3,32
343,433,433,6,Armsdealing 25,Reading,Armsdealing 25,2819.5,33
344,434,434,6,Armsdealing 10,Mouse_hover,Armsdealing 10,2820.7,33
345,435,435,14,Armsdealing 10,Draging,Armsdealing 10,2821.4,33
346,436,436,0, (Looking for textbooks) (type 1)[bottom-up],Topic_change,bottom-up,2822.4,33
347,437,437,1487,Armsdealing 10,Doc_open,Armsdealing 10,2824.3,33
348,438,438,45,Armsdealing 10,Reading,Armsdealing 10,2824.4,33
349,439,439,390,Armsdealing 25,Reading,Armsdealing 25,2828.9,33
350,441,441,5,Armsdealing 10,Reading,Armsdealing 10,2867.9,33
351,442,442,810,Armsdealing 10,Reading,Armsdealing 10,2868.6,33
352,446,446,6,Armsdealing 17,Mouse_hover,Armsdealing 17,2950.9,33
353,447,447,15,Armsdealing 17,Draging,Armsdealing 17,2951.6,33
354,448,448,104,Armsdealing 10,Reading,Armsdealing 10,2954.5,33
355,449,449,10,textbook,Highlight,Armsdealing 10,2966.2,33
356,450,450,5,Armsdealing 10,Reading,Armsdealing 10,2966.2,33
357,451,451,26,Armsdealing 25,Reading,Armsdealing 25,2966.5,33
358,452,452,10,textbook,Highlight,Armsdealing 25,2970.5,33
359,453,453,10,"ArmsDealing25,ArmsDealing55",Connection,ArmsDealing25,2975.5,33
360,454,454,20,Armsdealing 55,Draging,Armsdealing 55,2976.6,33
361,455,455,25,Armsdealing 52,Draging,Armsdealing 52,2980.5,33
362,456,456,16,Armsdealing 25,Draging,Armsdealing 25,2983.9,33
363,457,457,15,Armsdealing 52,Draging,Armsdealing 52,2986.5,33
364,459,459,10,"ArmsDealing52,ArmsDealing25",Connection,ArmsDealing52,2990.4,33
365,460,460,11,Armsdealing 10,Draging,Armsdealing 10,2992.8,33
366,462,462,80,Armsdealing 10,Doc_open,Armsdealing 10,2996.4,33
367,463,463,31,Armsdealing 10,Draging,Armsdealing 10,3005.8,33
368,464,464,10,"ArmsDealing55,ArmsDealing10",Connection,ArmsDealing55,3013.1,33
369,466,466,9,Armsdealing 17,Mouse_hover,Armsdealing 17,3014.0,33
370,467,467,495,Armsdealing 17,Doc_open,Armsdealing 17,3015.0,33
371,468,468,114,Armsdealing 17,Reading,Armsdealing 17,3015.1,33
372,470,470,13,Armsdealing 17,Draging,Armsdealing 17,3066.5,33
373,471,471,9,Armsdealing 17,Mouse_hover,Armsdealing 17,3069.0,33
374,472,472,10,"ArmsDealing17,ArmsDealing52",Connection,ArmsDealing17,3070.9,33
375,473,473,83,Armsdealing 17,Doc_open,Armsdealing 17,3072.1,33
376,474,474,10,Armsdealing 17,Reading,Armsdealing 17,3072.2,33
377,475,475,18,Armsdealing 17,Reading,Armsdealing 17,3074.4,33
378,477,477,10,textbooks,Highlight,Armsdealing 17,3077.4,33
379,478,478,13,Armsdealing 17,Draging,Armsdealing 17,3081.2,33
380,479,479,6,Armsdealing 75,Mouse_hover,Armsdealing 75,3094.8,33
381,480,480,10,textbook,Search,0,3100.0,33
382,481,481,71,Armsdealing 55,Doc_open,Armsdealing 55,3107.2,33
383,482,482,10,basra,Search,0,3118.6,34
384,483,483,10,Armsdealing 49,Draging,Armsdealing 49,3123.4,34
385,484,484,438,Armsdealing 49,Doc_open,Armsdealing 49,3125.1,34
386,485,485,156,Armsdealing 49,Reading,Armsdealing 49,3125.2,34
387,487,487,17,Armsdealing 49,Reading,Armsdealing 49,3146.7,34
388,488,488,5,Armsdealing 49,Reading,Armsdealing 49,3149.8,34
389,489,489,7,Armsdealing 55,Mouse_hover,Armsdealing 55,3151.4,34
390,490,490,114,Armsdealing 55,Doc_open,Armsdealing 55,3152.2,34
391,491,491,12,Armsdealing 43,Mouse_hover,Armsdealing 43,3170.5,34
392,492,492,30,Armsdealing 43,Draging,Armsdealing 43,3171.8,34
393,493,493,194,Armsdealing 43,Doc_open,Armsdealing 43,3175.4,34
394,494,494,10,Armsdealing 36,Draging,Armsdealing 36,3195.8,34
395,495,495,217,Armsdealing 36,Doc_open,Armsdealing 36,3197.2,34
396,496,496,10,bukhari,Search,0,3225.5,34
397,497,497,10,Armsdealing 12,Draging,Armsdealing 12,3229.0,34
398,498,498,297,Armsdealing 12,Doc_open,Armsdealing 12,3230.6,34
399,499,499,230,Armsdealing 12,Reading,Armsdealing 12,3230.7,34
400,500,500,9,Armsdealing 12,Draging,Armsdealing 12,3231.2,34
401,501,501,10,"Transaction Identification Number:
From: EBILAEAD 51 0568 8001 1575 1710 0
To:	SA80 8000 0375 6080 2632 0160
Date: 11-11-08 15:56:19
Amount:	SAR1325548.3458",Highlight,Armsdealing 49,3255.6,34
402,502,502,8,Armsdealing 12,Reading,Armsdealing 12,3255.8,34
403,503,503,9,Armsdealing 2,Draging,Armsdealing 2,3263.0,34
404,504,504,528,Armsdealing 2,Doc_open,Armsdealing 2,3264.6,34
405,505,505,413,Armsdealing 2,Reading,Armsdealing 2,3264.7,34
406,506,506,14,Armsdealing 2,Draging,Armsdealing 2,3267.9,34
407,507,507,75,Armsdealing 2,Reading,Armsdealing 2,3306.3,34
408,509,509,10,"Transaction Identification Number:
From: EBILAEAD 51 0568 8001 1575 1710 0
To:	ABNAPKKACKH 4230-1840-001194396527
Date: 02-11-08 11:29:16
Amount:	PAK1571649.15",Highlight,Armsdealing 2,3314.8,34
409,510,510,5,Armsdealing 2,Reading,Armsdealing 2,3315.0,34
410,511,511,9,Armsdealing 2,Draging,Armsdealing 2,3316.0,34
411,512,512,15,Armsdealing 2,Doc_open,Armsdealing 2,3318.5,34
412,513,513,6,Armsdealing 2,Draging,Armsdealing 2,3320.8,34
413,514,514,18,Armsdealing 75,Mouse_hover,Armsdealing 75,3327.1,34
414,515,515,9,Armsdealing 83,Mouse_hover,Armsdealing 83,3329.0,34
415,516,516,7,Armsdealing 56,Mouse_hover,Armsdealing 56,3330.5,34
416,517,517,30,Armsdealing 70,Mouse_hover,Armsdealing 70,3331.4,34
417,518,518,10,death,Search,0,3344.7,34
418,519,519,0, (What happened at the meeting in Dubai and who went there?) (type 3)[top-down],Topic_change,top-down,3347.4,35
419,520,520,8,Armsdealing 75,Draging,Armsdealing 75,3349.6,35
420,521,521,124,Armsdealing 75,Doc_open,Armsdealing 75,3351.1,35
421,522,522,6,Armsdealing 56,Draging,Armsdealing 56,3364.2,35
422,523,523,122,Armsdealing 56,Doc_open,Armsdealing 56,3365.3,35
423,524,524,13,Armsdealing 56,Draging,Armsdealing 56,3374.0,35
424,525,525,6,Armsdealing 76,Draging,Armsdealing 76,3378.8,35
425,526,526,118,Armsdealing 76,Doc_open,Armsdealing 76,3379.8,35
426,527,527,22,Armsdealing 70,Draging,Armsdealing 70,3392.7,35
427,528,528,34,Armsdealing 70,Doc_open,Armsdealing 70,3395.7,35
428,529,529,10,hospital,Search,0,3404.3,35
429,530,530,10,burj,Search,0,3413.8,35
430,531,531,11,Armsdealing 29,Draging,Armsdealing 29,3416.3,35
431,532,532,2060,Armsdealing 29,Doc_open,Armsdealing 29,3419.9,35
432,533,533,412,Armsdealing 29,Reading,Armsdealing 29,3420.0,35
433,535,535,11271,Armsdealing 25,Doc_open,Armsdealing 25,3465.3,35
434,537,537,5,Armsdealing 29,Reading,Armsdealing 29,3481.9,35
435,538,538,146,Armsdealing 29,Reading,Armsdealing 29,3482.7,35
436,540,540,15,Armsdealing 8,Mouse_hover,Armsdealing 8,3497.4,35
437,541,541,28,Armsdealing 8,Draging,Armsdealing 8,3499.0,35
438,542,542,2030,Armsdealing 8,Doc_open,Armsdealing 8,3503.4,35
439,543,543,108,Armsdealing 8,Reading,Armsdealing 8,3503.5,35
440,545,545,54,Armsdealing 8,Reading,Armsdealing 8,3515.0,35
441,546,546,45,Armsdealing 8,Draging,Armsdealing 8,3515.5,35
442,547,547,7,Armsdealing 56,Mouse_hover,Armsdealing 56,3520.8,35
443,548,548,7,Armsdealing 71,Mouse_hover,Armsdealing 71,3522.0,35
444,549,549,6,Armsdealing 56,Mouse_hover,Armsdealing 56,3523.0,35
445,550,550,6,Armsdealing 75,Draging,Armsdealing 75,3524.8,35
446,552,552,7,Armsdealing 76,Draging,Armsdealing 76,3526.0,35
447,553,553,8,Armsdealing 70,Draging,Armsdealing 70,3527.4,35
448,554,554,10,Armsdealing 75,Mouse_hover,Armsdealing 75,3530.8,35
449,555,555,8,Armsdealing 56,Mouse_hover,Armsdealing 56,3531.8,35
450,556,556,13,Armsdealing 56,Mouse_hover,Armsdealing 56,3533.0,35
451,557,557,11,Armsdealing 56,Doc_open,Armsdealing 56,3534.4,35
452,558,558,11,Armsdealing 76,Mouse_hover,Armsdealing 76,3535.9,35
453,559,559,11,Armsdealing 76,Doc_open,Armsdealing 76,3537.1,35
454,560,560,7,Armsdealing 70,Draging,Armsdealing 70,3540.6,35
455,561,561,96,Armsdealing 70,Doc_open,Armsdealing 70,3541.9,35
456,562,562,49,Armsdealing 29,Reading,Armsdealing 29,3551.9,35
457,563,563,42,Armsdealing 8,Reading,Armsdealing 8,3556.8,35
458,564,564,17,Armsdealing 8,Draging,Armsdealing 8,3557.4,35
459,566,566,5,Armsdealing 29,Reading,Armsdealing 29,3561.1,35
460,567,567,6,Armsdealing 70,Mouse_hover,Armsdealing 70,3561.3,35
461,568,568,15,Armsdealing 56,Mouse_hover,Armsdealing 56,3561.9,35
462,569,569,7,Armsdealing 56,Doc_open,Armsdealing 56,3563.5,35
463,570,570,5,Armsdealing 29,Reading,Armsdealing 29,3565.4,35
464,572,572,7,Armsdealing 8,Reading,Armsdealing 8,3613.4,35
465,574,574,5,Armsdealing 29,Reading,Armsdealing 29,3614.2,35
466,575,575,83,Armsdealing 29,Reading,Armsdealing 29,3614.8,35
467,576,576,10,Armsdealing 29,Draging,Armsdealing 29,3617.0,35
468,577,577,10,Burj ,Highlight,Armsdealing 29,3624.9,35
469,578,578,9,Armsdealing 29,Draging,Armsdealing 29,3626.7,35
470,579,579,719,Armsdealing 8,Reading,Armsdealing 8,3628.0,35
471,580,580,7,Armsdealing 8,Draging,Armsdealing 8,3628.6,35
472,582,582,25,Armsdealing 8,Draging,Armsdealing 8,3688.1,35
473,583,583,19,Armsdealing 8,Draging,Armsdealing 8,3691.8,35
474,585,585,22,Armsdealing 8,Reading,Armsdealing 8,3700.5,35
475,586,586,10,Burj,Highlight,Armsdealing 8,3703.8,35
476,587,587,19,Armsdealing 8,Draging,Armsdealing 8,3707.4,35
477,588,588,8,Armsdealing 12,Draging,Armsdealing 12,3710.1,35
478,589,589,10,kasem,Search,0,3715.8,35
479,590,590,16,Armsdealing 28,Mouse_hover,Armsdealing 28,3722.6,35
480,591,591,7,Armsdealing 28,Draging,Armsdealing 28,3724.3,35
481,592,592,2105,Armsdealing 28,Doc_open,Armsdealing 28,3725.6,35
482,593,593,37,Armsdealing 28,Reading,Armsdealing 28,3725.7,35
483,594,594,451,Armsdealing 28,Reading,Armsdealing 28,3729.8,35
484,596,596,6,Armsdealing 4,Mouse_hover,Armsdealing 4,3775.3,35
485,597,597,10,Armsdealing 4,Draging,Armsdealing 4,3776.0,35
486,598,598,1546,Armsdealing 4,Doc_open,Armsdealing 4,3777.5,35
487,599,599,616,Armsdealing 4,Reading,Armsdealing 4,3777.6,36
488,601,601,58,Armsdealing 41,Mouse_hover,Armsdealing 41,3841.2,36
489,602,602,15,Armsdealing 41,Draging,Armsdealing 41,3847.1,36
490,603,603,765,Armsdealing 41,Doc_open,Armsdealing 41,3851.6,36
491,604,604,269,Armsdealing 41,Reading,Armsdealing 41,3851.7,36
492,605,605,8,Armsdealing 45,Draging,Armsdealing 45,3880.0,36
493,606,606,406,Armsdealing 45,Doc_open,Armsdealing 45,3881.9,36
494,607,607,385,Armsdealing 45,Reading,Armsdealing 45,3882.0,36
495,608,608,11,Armsdealing 4,Reading,Armsdealing 4,3920.5,36
496,610,610,34,Armsdealing 45,Draging,Armsdealing 45,3923.2,36
497,611,611,5,Armsdealing 28,Reading,Armsdealing 28,3926.9,36
498,612,612,17,Armsdealing 41,Draging,Armsdealing 41,3928.6,36
499,613,613,5,Armsdealing 28,Reading,Armsdealing 28,3930.8,36
500,614,614,5,Armsdealing 4,Reading,Armsdealing 4,3930.8,36
501,615,615,22,Armsdealing 4,Draging,Armsdealing 4,3932.6,36
502,617,617,22,Armsdealing 28,Draging,Armsdealing 28,3936.6,36
503,618,618,6,Armsdealing 57,Mouse_hover,Armsdealing 57,3939.6,36
504,619,619,268,Armsdealing 57,Doc_open,Armsdealing 57,3940.3,36
505,620,620,251,Armsdealing 57,Reading,Armsdealing 57,3940.4,36
506,621,621,12,Armsdealing 57,Draging,Armsdealing 57,3967.7,36
507,622,622,10,khouri,Search,0,3973.0,36
508,624,624,10,Armsdealing 78,Mouse_hover,Armsdealing 78,3988.7,37
509,625,625,10,dubai,Search,0,3994.7,37
510,626,626,7,Armsdealing 26,Draging,Armsdealing 26,3998.8,37
511,627,627,20,Armsdealing 26,Mouse_hover,Armsdealing 26,4000.4,37
512,628,628,518,Armsdealing 26,Doc_open,Armsdealing 26,4002.5,37
513,629,629,390,Armsdealing 26,Reading,Armsdealing 26,4002.6,38
514,631,631,11,Armsdealing 26,Draging,Armsdealing 26,4037.3,38
515,632,632,14,Armsdealing 26,Reading,Armsdealing 26,4041.7,38
516,633,633,10,Dubai ,Highlight,Armsdealing 26,4044.5,38
517,634,634,9,Armsdealing 30,Draging,Armsdealing 30,4057.0,38
518,635,635,2613,Armsdealing 30,Doc_open,Armsdealing 30,4059.6,38
519,636,636,6,Armsdealing 30,Reading,Armsdealing 30,4059.7,38
520,637,637,200,Armsdealing 26,Doc_open,Armsdealing 26,4063.3,38
521,638,638,5,Armsdealing 26,Doc_open,Armsdealing 26,4085.5,38
522,639,639,429,Armsdealing 30,Reading,Armsdealing 30,4086.7,38
523,640,640,11,Armsdealing 30,Draging,Armsdealing 30,4092.8,38
524,642,642,45,Armsdealing 30,Draging,Armsdealing 30,4123.8,38
525,643,643,12,Armsdealing 70,Mouse_hover,Armsdealing 70,4129.8,38
526,644,644,4062,Armsdealing 70,Doc_open,Armsdealing 70,4131.1,38
527,645,645,60,Armsdealing 70,Reading,Armsdealing 70,4131.2,38
528,646,646,0, (Looking for disease) (type 2)[top-down],Topic_change,top-down,4133.4,38
529,647,647,53,Armsdealing 30,Reading,Armsdealing 30,4137.2,38
530,649,649,5,Armsdealing 70,Reading,Armsdealing 70,4142.8,38
531,650,650,13,Armsdealing 70,Reading,Armsdealing 70,4143.4,38
532,651,651,18,Armsdealing 30,Reading,Armsdealing 30,4144.7,38
533,652,652,10,"ArmsDealing70,ArmsDealing30",Connection,ArmsDealing70,4145.9,38
534,653,653,15,Armsdealing 71,Mouse_hover,Armsdealing 71,4146.8,38
535,654,654,24,Armsdealing 30,Reading,Armsdealing 30,4148.6,38
536,655,655,7,Armsdealing 15,Draging,Armsdealing 15,4152.4,38
537,656,656,323,Armsdealing 15,Doc_open,Armsdealing 15,4155.5,38
538,659,659,7,Armsdealing 11,Draging,Armsdealing 11,4189.4,38
539,660,660,315,Armsdealing 11,Doc_open,Armsdealing 11,4194.6,38
540,662,662,7,Armsdealing 11,Draging,Armsdealing 11,4226.7,38
541,663,663,6,Armsdealing 15,Draging,Armsdealing 15,4228.5,38
542,664,664,12,Armsdealing 38,Mouse_hover,Armsdealing 38,4230.2,38
543,666,666,10,nahid,Search,0,4244.4,38
544,667,667,10,Armsdealing 74,Mouse_hover,Armsdealing 74,4247.6,39
545,668,668,53,Armsdealing 74,Draging,Armsdealing 74,4248.7,39
546,669,669,5,Armsdealing 30,Reading,Armsdealing 30,4254.2,39
547,670,670,5,Armsdealing 70,Reading,Armsdealing 70,4254.3,39
548,671,671,291,Armsdealing 100,Reading,Armsdealing 100,4254.9,39
549,672,672,6,Armsdealing 100,Draging,Armsdealing 100,4255.9,39
550,674,674,53,Armsdealing 100,Reading,Armsdealing 100,4284.5,39
551,675,675,5,Armsdealing 70,Reading,Armsdealing 70,4289.9,39
552,677,677,37,Armsdealing 74,Mouse_hover,Armsdealing 74,4291.1,39
553,678,678,95,Armsdealing 74,Doc_open,Armsdealing 74,4294.9,39
554,679,679,55,Armsdealing 74,Reading,Armsdealing 74,4295.0,39
555,680,680,19,Armsdealing 74,Draging,Armsdealing 74,4300.3,39
556,681,681,13,Armsdealing 74,Draging,Armsdealing 74,4305.2,39
557,682,682,8,Armsdealing 74,Mouse_hover,Armsdealing 74,4305.8,39
558,683,683,5,Armsdealing 30,Reading,Armsdealing 30,4306.7,39
559,684,684,33,Armsdealing 5,Mouse_hover,Armsdealing 5,4307.0,39
560,685,685,10,Armsdealing 53,Draging,Armsdealing 53,4310.8,39
561,686,686,12,Armsdealing 53,Doc_open,Armsdealing 53,4312.7,39
562,688,688,10,george,Search,0,4338.5,39
563,689,689,10,funsho,Search,0,4347.6,39
564,690,690,10,kapolalum,Search,0,4356.3,40
565,691,691,10,niger,Search,0,4367.7,40
566,692,692,10,Armsdealing 81,Mouse_hover,Armsdealing 81,4373.4,40
567,693,693,10,sickness,Search,0,4378.8,40
568,694,694,1559,Armsdealing 95,Doc_open,Armsdealing 95,4382.8,41
569,697,697,5,Armsdealing 100,Reading,Armsdealing 100,4448.3,41
570,698,698,10,Note,Create Note,0,4451.4,41
571,699,699,5,Armsdealing 100,Reading,Armsdealing 100,4452.8,41
572,700,700,5,Armsdealing 100,Reading,Armsdealing 100,4452.9,41
573,701,701,10,Dr. George getting sick from Pakistan on Feb 2009 and then he went to Dubai in April where everyone from all those countries were present. That might be the reason they all got sick. We see later in May that a couple of them were in Hospital because of being sick,Add note,0,4463.4,41
574,703,703,5,Armsdealing 100,Reading,Armsdealing 100,4531.8,41
575,704,704,5,Armsdealing 100,Reading,Armsdealing 100,4532.3,41
576,705,705,5,Armsdealing 100,Reading,Armsdealing 100,4534.8,41
577,706,706,28,Armsdealing 72,Doc_open,Armsdealing 72,4543.2,41
578,707,707,47,Armsdealing 72,Doc_open,Armsdealing 72,4553.2,41
579,708,708,25,Armsdealing 84,Draging,Armsdealing 84,4562.1,41
580,709,709,6,Armsdealing 84,Draging,Armsdealing 84,4570.5,41
581,710,710,47,Armsdealing 84,Doc_open,Armsdealing 84,4572.8,41
582,711,711,41,Armsdealing 95,Doc_open,Armsdealing 95,4578.6,41
583,712,712,24,Armsdealing 95,Draging,Armsdealing 95,4583.3,41
584,714,714,33,Armsdealing 52,Doc_open,Armsdealing 52,4596.0,41
585,715,715,16,Armsdealing 17,Doc_open,Armsdealing 17,4600.6,41
586,716,716,21,Armsdealing 10,Doc_open,Armsdealing 10,4604.9,41
587,717,717,15,Armsdealing 55,Doc_open,Armsdealing 55,4608.0,41
588,718,718,13,Armsdealing 25,Doc_open,Armsdealing 25,4610.5,41
589,719,719,24,Armsdealing 52,Doc_open,Armsdealing 52,4612.8,41
590,720,720,8,Armsdealing 26,Doc_open,Armsdealing 26,4618.0,41
591,721,721,20,Armsdealing 26,Draging,Armsdealing 26,4619.2,41
592,722,722,10,Armsdealing 95,Mouse_hover,Armsdealing 95,4623.2,41
593,723,723,10,"ArmsDealing26,ArmsDealing95",Connection,ArmsDealing26,4623.9,41
594,724,724,10,Armsdealing 71,Mouse_hover,Armsdealing 71,4625.5,41
595,725,725,13,Armsdealing 70,Mouse_hover,Armsdealing 70,4627.1,41
596,726,726,51,Armsdealing 70,Draging,Armsdealing 70,4628.5,41
597,727,727,7,Armsdealing 30,Mouse_hover,Armsdealing 30,4634.5,41
598,728,728,18,Armsdealing 30,Draging,Armsdealing 30,4635.3,41
599,729,729,8,Armsdealing 56,Mouse_hover,Armsdealing 56,4638.2,41
600,730,730,16,Armsdealing 56,Draging,Armsdealing 56,4639.1,41
601,731,731,12,Armsdealing 56,Mouse_hover,Armsdealing 56,4639.7,41
602,732,732,16,Armsdealing 56,Mouse_hover,Armsdealing 56,4641.7,41
603,733,733,14,Armsdealing 56,Mouse_hover,Armsdealing 56,4643.5,41
604,734,734,24,Armsdealing 30,Mouse_hover,Armsdealing 30,4645.1,41
605,735,735,10,"ArmsDealing56,ArmsDealing30",Connection,ArmsDealing56,4646.0,41
606,736,736,12,Armsdealing 70,Mouse_hover,Armsdealing 70,4647.6,41
607,737,737,12,Armsdealing 30,Draging,Armsdealing 30,4649.4,41
608,738,738,12,Armsdealing 70,Mouse_hover,Armsdealing 70,4651.0,41
609,739,739,10,Armsdealing 26,Mouse_hover,Armsdealing 26,4652.5,41
610,740,740,10,"ArmsDealing70,ArmsDealing26",Connection,ArmsDealing70,4653.1,41
611,741,741,6,Armsdealing 95,Mouse_hover,Armsdealing 95,4654.1,41
612,742,742,20,Armsdealing 95,Draging,Armsdealing 95,4654.8,41
613,743,743,14,Armsdealing 26,Draging,Armsdealing 26,4657.7,41
614,744,744,7,Armsdealing 70,Mouse_hover,Armsdealing 70,4659.4,41
615,745,745,10,Armsdealing 70,Draging,Armsdealing 70,4660.2,41
616,746,746,12,Armsdealing 30,Draging,Armsdealing 30,4662.4,41
617,747,747,16,Armsdealing 56,Draging,Armsdealing 56,4664.3,41
618,749,749,6,Armsdealing 100,Mouse_hover,Armsdealing 100,4675.1,41
619,750,750,6,Armsdealing 26,Mouse_hover,Armsdealing 26,4676.6,41
620,751,751,6,Armsdealing 95,Mouse_hover,Armsdealing 95,4677.2,41
621,752,752,8,Armsdealing 17,Draging,Armsdealing 17,4678.6,41
622,753,753,7,Armsdealing 52,Mouse_hover,Armsdealing 52,4679.7,41
623,754,754,7,Armsdealing 52,Draging,Armsdealing 52,4680.5,41
624,755,755,11,Armsdealing 30,Draging,Armsdealing 30,4687.4,41
625,756,756,9,Armsdealing 56,Draging,Armsdealing 56,4689.2,41
626,757,757,8,Armsdealing 100,Draging,Armsdealing 100,4691.3,41
627,758,758,11,Armsdealing 98,Draging,Armsdealing 98,4692.7,41
628,759,759,6,Armsdealing 81,Mouse_hover,Armsdealing 81,4696.7,41
629,760,760,6,Armsdealing 25,Mouse_hover,Armsdealing 25,4699.1,41
630,761,761,13,Armsdealing 55,Doc_open,Armsdealing 55,4700.5,41
631,762,762,6,Armsdealing 10,Mouse_hover,Armsdealing 10,4702.0,42
632,763,763,35,Armsdealing 10,Doc_open,Armsdealing 10,4702.7,42
633,764,764,10,burj,Search,0,4712.3,43
634,765,765,25,Armsdealing 25,Doc_open,Armsdealing 25,4714.2,43
635,766,766,0, (Looking at other places which all attended the meeting) (type 3)[bottom-up],Topic_change,bottom-up,4715.4,43
636,767,767,45,Armsdealing 25,Draging,Armsdealing 25,4717.3,43
637,768,768,24,Armsdealing 26,Mouse_hover,Armsdealing 26,4722.8,43
638,769,769,10,"ArmsDealing25,ArmsDealing26",Connection,ArmsDealing25,4724.9,43
639,770,770,10,Armsdealing 70,Mouse_hover,Armsdealing 70,4725.3,43
640,771,771,11,Armsdealing 70,Draging,Armsdealing 70,4727.2,43
641,772,772,8,Armsdealing 25,Draging,Armsdealing 25,4729.1,43
642,773,773,10,tabriz,Search,0,4734.5,43
643,774,774,27,Armsdealing 11,Draging,Armsdealing 11,4736.7,43
644,775,775,6,Armsdealing 70,Mouse_hover,Armsdealing 70,4741.4,43
645,776,776,26,Armsdealing 26,Mouse_hover,Armsdealing 26,4743.2,43
646,777,777,10,"ArmsDealing11,ArmsDealing26",Connection,ArmsDealing11,4745.3,43
647,778,778,9,Armsdealing 25,Mouse_hover,Armsdealing 25,4746.4,44
648,779,779,11,Armsdealing 25,Draging,Armsdealing 25,4747.4,44
649,780,780,7,Armsdealing 24,Draging,Armsdealing 24,4749.5,44
650,782,782,6,Armsdealing 100,Draging,Armsdealing 100,4751.6,44
651,783,783,11,Armsdealing 26,Mouse_hover,Armsdealing 26,4752.5,44
652,784,784,40,Armsdealing 29,Doc_open,Armsdealing 29,4759.5,44
653,785,785,23,Armsdealing 29,Draging,Armsdealing 29,4763.9,45
654,786,786,5,Armsdealing 29,Doc_open,Armsdealing 29,4767.3,45
655,787,787,6,Armsdealing 70,Mouse_hover,Armsdealing 70,4769.7,45
656,788,788,16,Armsdealing 26,Mouse_hover,Armsdealing 26,4771.0,45
657,789,789,10,"ArmsDealing29,ArmsDealing26",Connection,ArmsDealing29,4772.1,45
658,790,790,14,Armsdealing 30,Mouse_hover,Armsdealing 30,4776.8,45
659,791,791,9,Armsdealing 96,Mouse_hover,Armsdealing 96,4780.5,45
660,792,792,7,Armsdealing 96,Mouse_hover,Armsdealing 96,4781.8,45
661,793,793,10,burj,Search,0,4788.4,45
662,794,794,14,Armsdealing 8,Draging,Armsdealing 8,4791.9,45
663,795,795,10,Armsdealing 30,Mouse_hover,Armsdealing 30,4795.9,45
664,796,796,17,Armsdealing 26,Mouse_hover,Armsdealing 26,4797.3,45
665,797,797,10,"ArmsDealing8,ArmsDealing26",Connection,ArmsDealing8,4798.6,45
666,798,798,25,Armsdealing 80,Draging,Armsdealing 80,4801.0,45
667,799,799,10,Armsdealing 98,Draging,Armsdealing 98,4805.2,45
668,800,800,14,Armsdealing 88,Mouse_hover,Armsdealing 88,4815.4,45
669,801,801,7,Armsdealing 11,Mouse_hover,Armsdealing 11,4823.7,45
670,802,802,32,Armsdealing 11,Doc_open,Armsdealing 11,4824.5,45
671,803,803,11,Armsdealing 25,Mouse_hover,Armsdealing 25,4827.9,45
672,804,804,12,Armsdealing 11,Mouse_hover,Armsdealing 11,4830.6,45
673,805,805,42,Armsdealing 29,Doc_open,Armsdealing 29,4834.5,45
674,806,806,13,Armsdealing 29,Mouse_hover,Armsdealing 29,4840.6,45
675,807,807,5,Armsdealing 29,Doc_open,Armsdealing 29,4842.0,45
676,808,808,9,Armsdealing 8,Doc_open,Armsdealing 8,4844.6,45
677,809,809,5,Armsdealing 8,Doc_open,Armsdealing 8,4847.5,45
678,810,810,10,syria,Search,0,4858.6,45
679,811,811,8,Armsdealing 22,Draging,Armsdealing 22,4864.2,45
680,812,812,10,Armsdealing 22,Mouse_hover,Armsdealing 22,4864.6,45
681,813,813,90,Armsdealing 22,Doc_open,Armsdealing 22,4865.7,45
682,814,814,25,Armsdealing 22,Draging,Armsdealing 22,4875.3,46
683,815,815,10,Armsdealing 22,Mouse_hover,Armsdealing 22,4878.9,46
684,816,816,16,Armsdealing 26,Mouse_hover,Armsdealing 26,4880.7,46
685,817,817,10,"ArmsDealing22,ArmsDealing26",Connection,ArmsDealing22,4881.9,46
686,818,818,10,lebanon,Search,0,4888.8,46
687,819,819,19,Armsdealing 28,Doc_open,Armsdealing 28,4894.6,47
688,820,820,66,Armsdealing 28,Doc_open,Armsdealing 28,4906.2,47
689,821,821,10,saudi arabia\,Search,0,4923.6,47
690,822,822,10,saudi arabia,Search,0,4926.8,47
691,823,823,49,Armsdealing 73,Doc_open,Armsdealing 73,4932.7,47
692,824,824,23,Armsdealing 63,Mouse_hover,Armsdealing 63,4938.4,47
693,825,825,559,Armsdealing 63,Doc_open,Armsdealing 63,4940.8,47
694,826,826,233,Armsdealing 63,Reading,Armsdealing 63,4940.9,47
695,827,827,12,Armsdealing 63,Draging,Armsdealing 63,4956.6,47
696,828,828,6,Armsdealing 20,Draging,Armsdealing 20,4966.0,47
697,829,829,23,Armsdealing 20,Doc_open,Armsdealing 20,4967.2,47
698,830,830,128,Armsdealing 63,Reading,Armsdealing 63,4969.8,47
699,831,831,60,Armsdealing 73,Doc_open,Armsdealing 73,4984.0,47
700,832,832,13,Armsdealing 96,Mouse_hover,Armsdealing 96,4990.5,47
701,833,833,35,Armsdealing 96,Doc_open,Armsdealing 96,4991.9,47
702,835,835,18,Armsdealing 64,Mouse_hover,Armsdealing 64,5015.8,47
703,836,836,10,ahmed,Search,0,5024.1,47
704,837,837,60,Armsdealing 29,Doc_open,Armsdealing 29,5029.3,47
705,838,838,11,Armsdealing 11,Mouse_hover,Armsdealing 11,5036.9,47
706,839,839,10,venezuela,Search,0,5049.8,47
707,842,842,6,Armsdealing 6,Mouse_hover,Armsdealing 6,5054.0,47
708,843,843,12,Armsdealing 9,Mouse_hover,Armsdealing 9,5056.0,47
709,844,844,9,Armsdealing 7,Mouse_hover,Armsdealing 7,5057.4,47
710,845,845,6,Armsdealing 9,Mouse_hover,Armsdealing 9,5058.7,47
711,846,846,188,Armsdealing 9,Doc_open,Armsdealing 9,5059.4,47
712,847,847,6,Armsdealing 7,Mouse_hover,Armsdealing 7,5078.8,47
713,848,848,14,Armsdealing 7,Mouse_hover,Armsdealing 7,5080.0,47
714,849,849,11,Armsdealing 6,Mouse_hover,Armsdealing 6,5081.5,47
715,850,850,6,Armsdealing 5,Mouse_hover,Armsdealing 5,5082.7,47
716,851,851,14,Armsdealing 6,Mouse_hover,Armsdealing 6,5083.3,47
717,852,852,45,Armsdealing 6,Doc_open,Armsdealing 6,5085.4,47
718,853,853,10,Armsdealing 7,Doc_open,Armsdealing 7,5090.8,47
719,854,854,10,meeting,Search,0,5098.7,47
720,855,855,75,Armsdealing 9,Doc_open,Armsdealing 9,5101.1,47
721,856,856,25,Armsdealing 9,Draging,Armsdealing 9,5109.2,47
722,857,857,12,Armsdealing 9,Mouse_hover,Armsdealing 9,5112.3,47
723,858,858,15,Armsdealing 26,Mouse_hover,Armsdealing 26,5114.9,47
724,859,859,10,"ArmsDealing9,ArmsDealing26",Connection,ArmsDealing9,5115.8,47
725,860,860,10,columbia,Search,0,5124.8,47
726,861,861,8,Armsdealing 62,Mouse_hover,Armsdealing 62,5127.9,47
727,862,862,11,Armsdealing 62,Draging,Armsdealing 62,5128.8,47
728,863,863,5,Armsdealing 62,Doc_open,Armsdealing 62,5129.9,47
729,864,864,9031,Armsdealing 62,Doc_open,Armsdealing 62,5132.8,47
730,865,865,292,Armsdealing 62,Reading,Armsdealing 62,5132.9,47
731,867,867,6,Armsdealing 25,Mouse_hover,Armsdealing 25,5163.5,47
732,868,868,41,Armsdealing 62,Reading,Armsdealing 62,5174.0,47
733,869,869,10,meeting,Search,0,5182.5,47
734,870,870,10,dubai,Search,0,5212.3,47
735,871,871,10,columbia,Search,0,5220.2,47
736,872,872,5,Armsdealing 62,Reading,Armsdealing 62,5224.9,47
737,873,873,11,Armsdealing 62,Reading,Armsdealing 62,5225.5,47
738,874,874,19,Armsdealing 62,Draging,Armsdealing 62,5226.5,47
739,875,875,109,Armsdealing 62,Reading,Armsdealing 62,5230.6,47
740,877,877,162,Armsdealing 62,Reading,Armsdealing 62,5258.7,47
741,878,878,7,Armsdealing 62,Draging,Armsdealing 62,5259.5,47
